unique_id,site_id,plot_id,bout_id,individual_id,aMeasuredBy,bMeasuredBy,tag_id,taxonid,genus,species,evergreen vs deciduous,common_name,canopy_ht1,canopy_ht2,canopy_ht3,canopy_ht4,canopy_ht5,avg_canopy_ht,num_shots_or_samples,remarks,heightMaxVD1,heightMaxVD2,heightMinVD1,heightMinVD2,point_id,stem_azimuth,stem_distance,height1VD1,height1VD2,stemheight,height2VD1,height2VD2,heightrange1,heightrange2,aop_plot,initials,punch_diameter,punch_scan_count,mass_count,total_sample_mass,mass_per_punch_leaf,total_sample_area,avg_punch_leaf_area,mass_per_area,plant_type,wyo_sample_id,fifteen_n,thirteen_c,total_n,total_c,notes
D314_F145,JERC,JERC001,JERC00,F145,D03_BC15,D03_BC14,,QUFA,Rhus,copallinum,deciduous,winged sumac,,,,,,,,,18.3,-1.7,8.1,-1.6,41,170.5,9.3,8.3,-1.6,9.9,9.5,-1.6,,,JERC_001,BC15; BC14,1.27,28,28,0.3274,0.0117,35.46952354,1.2668,0.0092,,,,,,,
D314_F146,JERC,JERC001,JERC00,F146,D03_BC15,D03_BC14,,RHCO,Rhus,copallinum,deciduous,winged sumac,,,,,,,,>1 individual,1,0,0.6,0,41,266.1,5.3,,,,,,1,0.7,JERC_001,BC15; BC14,1.27,40,40,0.4119,0.0103,50.67074791,1.2668,0.0081,,20140170,-3.261384,-32.221625,1.6822518,50.0046962,
D314_F147,JERC,JERC001,JERC00,F147,D03_BC15,D03_BC14,,RHCO,Rhus,copallinum,deciduous,winged sumac,,,,,,,,>1 individual,1.4,0,0.6,0,41,240.8,7.5,,,,,,1.4,0.8,JERC_001,BC15; BC14,1.27,20,20,0.2123,0.0106,25.33537395,1.2668,0.0084,,,,,,,
D314_F148,JERC,JERC001,JERC00,F148,D03_BC15,D03_BC14,,RHCO,Sassafras,albidum,deciduous,sassafras,,,,,,,,>1 individual,1,0,0.4,0,41,119.2,2.9,,,,,,1,0.6,JERC_001,BC15; BC14,1.905,19,19,0.364,0.0192,54.15436183,2.8502,0.0067,,,,,,,
D314_F149,JERC,JERC001,JERC00,F149,D03_BC15,D03_BC14,,SAAL5,Sassafras,albidum,deciduous,sassafras,,,,,,,,>1 individual,1.5,0,1,0,41,84.8,2.4,,,,,,1.5,1,JERC_001,BC15; BC14,1.905,20,20,0.3897,0.0195,57.0045914,2.8502,0.0068,,20140170,-2.0472923,-30.841395,1.9373466,48.8886825,
D314_F150,JERC,JERC001,JERC00,F150,D03_BC15,D03_BC14,,SAAL5,Sassafras,albidum,deciduous,sassafras,,,,,,,,,2.5,0,1.1,0,41,111.7,9.7,,,,,,2.2,1.6,JERC_001,BC15; BC14,1.905,20,20,0.3506,0.0175,57.0045914,2.8502,0.0062,,,,,,,
D314_F151,JERC,JERC001,JERC00,F151,D03_BC15,D03_BC14,,SAAL5,Diospyros,virginiana,deciduous,common persimmon,,,,,,,,>1 individual,2.2,0,1.2,0,41,121.1,10.3,,,,,,2.1,1.3,JERC_001,BC15; BC14,1.905,7,7,0.4963,0.0709,19.95160699,2.8502,0.0249,,,,,,,
D314_F152,JERC,JERC001,JERC00,F152,D03_BC15,D03_BC14,,DIVI5,Diospyros,virginiana,deciduous,common persimmon,,,,,,,,,1.9,0,0.6,0,41,247.4,9.4,,,,,,1.2,0.7,JERC_001,BC15; BC14,1.905,18,18,0.3314,0.0184,51.30413226,2.8502,0.0065,,20140170,0.5200162,-29.871715,1.7170342,47.1379911,
D314_F153,JERC,JERC001,JERC00,F153,D03_BC15,D03_BC14,,DIVI5,Diospyros,virginiana,deciduous,common persimmon,,,,,,,,,0.9,0,0.4,0,41,98.5,6.7,,,,,,0.9,0.6,JERC_001,BC15; BC14,1.905,5,5,0.2539,0.0508,14.25114785,2.8502,0.0178,,,,,,,
D314_F154,JERC,JERC001,JERC00,F154,D03_BC15,D03_BC14,,DIVI5,Quercus,virginiana,deciduous,live oak,,,,,,,,>1 individual,0.9,0,0.3,0,41,96.9,9.5,,,,,,0.8,0.4,JERC_003,BC15; BC14,1.905,16,16,0.7176,0.0449,45.60367312,2.8502,0.0157,,,,,,,
D314_F175,JERC,JERC002,JERC00,F175,D03_BC15,D03_BC14,,SAAL5,Sassafras,albidum,deciduous,sassafras,,,,,,,,under partial canopy,1.1,0,0.5,0,41,113.7,7.2,,,,,,1,0.5,JERC_002,BC15; BC14,1.905,7,7,0.3653,0.0522,19.95160699,2.8502,0.0183,,20140170.01,-2.5747666,-31.619485,1.4952952,48.4205551,
D314_F176,JERC,JERC002,JERC00,F176,D03_BC15,D03_BC14,,SAAL5,Sassafras,albidum,deciduous,sassafras,,,,,,,,under partial canopy,1.6,0,0.7,0,41,51.2,2.6,,,,,,1.6,1,JERC_002,BC15; BC14,1.905,17,17,0.2781,0.0164,48.45390269,2.8502,0.0057,,,,,,,
D314_F177,JERC,JERC002,JERC00,F177,D03_BC15,D03_BC14,,SAAL5,Quercus,falcata,deciduous,southern red oak,,,,,,,,under partial canopy,1.6,0,0.8,0,41,215.1,10.2,,,,,,1.6,1,JERC_002,BC15; BC14,1.905,18,18,0.5533,0.0307,51.30413226,2.8502,0.0108,,,,,,,
D314_F178,JERC,JERC002,JERC00,F178,D03_BC15,D03_BC14,,QUFA,Quercus,falcata,deciduous,southern red oak,,,,,,,,under partial canopy,1,0,0.4,0,41,146.5,6.5,,,,,,1,0.5,JERC_002,BC15; BC14,1.905,15,15,0.5075,0.0338,42.75344355,2.8502,0.0119,,,,,,,
D314_F179,JERC,JERC002,JERC00,F179,D03_BC15,D03_BC14,,QUFA,Quercus,falcata,deciduous,southern red oak,,,,,,,,under partial canopy,0.8,0,0.4,0,41,323.5,11.5,,,,,,0.8,0.5,JERC_002,BC15; BC14,1.905,18,18,0.5468,0.0304,51.30413226,2.8502,0.0107,,20140170.01,-4.5405342,-29.6380925,1.2210046,47.9548191,
D314_F180,JERC,JERC002,JERC00,F180,D03_BC15,D03_BC14,,QUFA,Diospyros,virginiana,deciduous,common persimmon,,,,,,,,under partial canopy,0.5,0,0.3,0,41,344.6,5.4,,,,,,0.5,0.4,JERC_002,BC15; BC14,1.905,17,17,0.3657,0.0215,48.45390269,2.8502,0.0075,,,,,,,
D314_F181,JERC,JERC002,JERC00,F181,D03_BC15,D03_BC14,,DIVI5,Diospyros,virginiana,deciduous,common persimmon,,,,,,,,under partial canopy,1.5,0,0.5,0,41,223.2,9.3,,,,,,1.5,0.5,JERC_002,BC15; BC14,1.905,6,6,0.4317,0.072,17.10137742,2.8502,0.0252,,,,,,,
D314_F182,JERC,JERC002,JERC00,F182,D03_BC15,D03_BC14,,DIVI5,Diospyros,virginiana,deciduous,common persimmon,,,,,,,,under partial canopy,0.6,0,0.3,0,41,165.3,11.2,,,,,,0.6,0.3,JERC_002,BC15; BC14,1.905,16,16,0.3438,0.0215,45.60367312,2.8502,0.0075,,,,,,,
D314_F183,JERC,JERC002,JERC00,F183,D03_BC15,D03_BC14,,DIVI5,Quercus,falcata,deciduous,southern red oak,,,,,,,,under partial canopy,1.5,0,0.7,0,41,280.2,10.3,,,,,,1.5,0.7,JERC_006,BC15; BC14,1.905,15,15,0.4242,0.0283,42.75344355,2.8502,0.0099,,,,,,,
D314_F155,JERC,JERC003,JERC00,F155,D03_BC15,D03_BC14,,QUVI,Quercus,phellos,deciduous,willow oak,,,,,,,,,8.7,-2.8,6.2,-2.7,49,118.4,11.4,6.9,-2.6,9.5,7.6,-2.7,,,JERC_003,BC15; BC14,1.27,16,16,0.2643,0.0165,20.26829916,1.2668,0.013,,20140170.01,-2.8750366,-28.81406,1.727895,48.4556052,
D314_F156,JERC,JERC003,JERC00,F156,D03_BC15,D03_BC14,,QUPH,Quercus,phellos,deciduous,willow oak,,,,,,,,,6.4,-2.5,1.6,-2.4,49,111.7,9.2,5.9,-2.3,8.2,4.7,-2.4,,,JERC_003,BC15; BC14,,16,16,0.7918,0.0495,60.62859,3.7893,0.0131,,,,,,,
D314_F157,JERC,JERC003,JERC00,F157,D03_BC15,D03_BC14,,QUPH,Quercus,nigra,deciduous,water oak,,,,,,,,,10,-2.3,1.5,-2.3,49,142,8.6,7.7,-2.2,9.9,7,-2.2,,,JERC_003,BC15; BC14,1.905,17,17,0.5252,0.0309,48.45390269,2.8502,0.0108,,,,,,,
D314_F158,JERC,JERC003,JERC00,F158,D03_BC15,D03_BC14,,QUNI,Quercus,phellos,deciduous,willow oak,,,,,,,,,11.8,-2.4,1.8,-2.4,49,156.1,11.1,7.3,-2.3,9.6,6.5,-2.3,,,JERC_003,BC15; BC14,1.905,15,15,0.5485,0.0366,42.75344355,2.8502,0.0128,,20140170.01,-2.9250816,-29.2646875,1.8005642,47.8998669,
D314_F159,JERC,JERC003,JERC00,F159,D03_BC15,D03_BC14,,QUPH,Quercus,virginiana,deciduous,live oak,,,,,,,,,15.1,-2.5,3.7,-2.1,49,171.2,14.3,6.2,-2.4,8.6,5,-2.5,,,JERC_003,BC15; BC14,1.27,16,16,0.297,0.0186,20.26829916,1.2668,0.0147,,20140170.01,-3.6527359,-30.22166,1.6574389,48.5432048,
D314_F160,JERC,JERC003,JERC00,F160,D03_BC15,D03_BC14,,QUVI,Quercus,virginiana,deciduous,live oak,,,,,,,,,4.5,-2.1,-0.2,-2.1,49,151.2,6.2,3.8,-1.8,5.6,3.1,-1.9,,,JERC_003,BC15; BC14,1.27,6,6,0.2706,0.0451,7.600612186,1.2668,0.0356,,,,,,,
D314_F161,JERC,JERC003,JERC00,F161,D03_BC15,D03_BC14,,QUVI,Rhus,copallinum,deciduous,winged sumac,,,,,,,,,3.7,2.2,0,-2.2,49,156.4,8.5,3.3,-2,5.3,2.9,-2,,,JERC_007,BC15; BC14,1.27,16,16,0.1686,0.0105,20.26829916,1.2668,0.0083,,,,,,,
D314_F206,JERC,JERC005,JERC00,F206,D03_BC15,D03_BC14,,QUFA,Pinus,palustris,coniferous,longleaf pine,,,,,,,,,2,0,0.7,0,41,24.9,9.8,,,,,,2,1,OSBS_013,BC15; BC14,,15,15,0.42,0.028,21.7565,1.4504,0.0193,,,,,,,
D314_F201,JERC,JERC005,JERC00,F201,D03_BC15,D03_BC14,,QUIN,Quercus,incana,deciduous,bluejack oak,,,,,,,,,1.7,0,0.8,0,41,89.8,8.3,,,,,,1.7,1.2,JERC_005,BC15; BC14,1.905,17,17,0.4817,0.0283,48.45390269,2.8502,0.0099,,,,,,,
D314_F202,JERC,JERC005,JERC00,F202,D03_BC15,D03_BC14,,QUIN,Quercus,incana,deciduous,bluejack oak,,,,,,,,,2,0,0.6,0,41,55.2,8.6,,,,,,1.9,1,JERC_005,BC15; BC14,1.905,15,15,0.3963,0.0264,42.75344355,2.8502,0.0093,,20140170.01,-1.9452005,-31.2060025,1.5246687,47.8366212,
D314_F203,JERC,JERC005,JERC00,F203,D03_BC15,D03_BC14,,QUIN,Quercus,falcata,deciduous,southern red oak,,,,,,,,,1.3,0,0.6,0,41,6.8,5,,,,,,1.3,0.8,JERC_005,BC15; BC14,1.905,18,18,0.5575,0.031,51.30413226,2.8502,0.0109,,,,,,,
D314_F204,JERC,JERC005,JERC00,F204,D03_BC15,D03_BC14,,QUFA,Quercus,falcata,deciduous,southern red oak,,,,,,,,,1.3,0,0.5,0,41,134,2.5,,,,,,1.3,0.6,JERC_005,BC15; BC14,1.905,18,18,0.5464,0.0304,51.30413226,2.8502,0.0107,,,,,,,
D314_F205,JERC,JERC005,JERC00,F205,D03_BC15,D03_BC14,,QUFA,Quercus,falcata,deciduous,southern red oak,,,,,,,,,1.7,0,0.7,0,41,64.1,7.1,,,,,,1.7,1,JERC_005,BC15; BC14,1.905,18,18,0.613,0.0341,51.30413226,2.8502,0.0119,,20140170.01,-4.032077,-31.2001375,1.6869587,48.2621417,REPLICATED; values here for first run only
D314_F184,JERC,JERC006,JERC00,F184,D03_BC15,D03_BC14,,QUFA,Quercus,falcata,deciduous,southern red oak,,,,,,,,,1,0,0.3,0,41,29.4,3.9,,,,,,1,0.5,JERC_006,BC15; BC14,1.905,8,8,0.5558,0.0695,22.80183656,2.8502,0.0244,,20140170.02,-3.9900392,-30.1346625,1.4566388,46.4352093,
D314_F185,JERC,JERC006,JERC00,F185,D03_BC15,D03_BC14,,QUFA,Quercus,falcata,deciduous,southern red oak,,,,,,,,,1.1,0,0.4,0,41,302.9,11.1,,,,,,1,0.5,JERC_006,BC15; BC14,1.905,16,16,0.5057,0.0316,45.60367312,2.8502,0.0111,,,,,,,
D314_F186,JERC,JERC006,JERC00,F186,D03_BC15,D03_BC14,,QUFA,Quercus,stellata,deciduous,post oak,,,,,,,,,0.8,0,0.3,0,41,255.5,7.5,,,,,,0.8,0.3,JERC_006,BC15; BC14,1.905,16,16,0.4785,0.0299,45.60367312,2.8502,0.0105,,,,,,,
D314_F187,JERC,JERC006,JERC00,F187,D03_BC15,D03_BC14,,QUST,Quercus,stellata,deciduous,post oak,,,,,,,,,0.8,0,0.3,0,41,4.3,3.7,,,,,,0.8,0.4,JERC_006,BC15; BC14,1.905,16,16,0.4194,0.0262,45.60367312,2.8502,0.0092,,20140170.02,-1.0423887,-29.37319,1.9296536,46.6904276,
D314_F188,JERC,JERC006,JERC00,F188,D03_BC15,D03_BC14,,QUST,Quercus,stellata,deciduous,post oak,,,,,,,,,0.6,0,0.4,0,41,135.6,4.2,,,,,,0.6,0.4,JERC_006,BC15; BC14,1.905,18,18,0.545,0.0303,51.30413226,2.8502,0.0106,,,,,,,
D314_F189,JERC,JERC006,JERC00,F189,D03_BC15,D03_BC14,,QUST,Pinus,palustris,coniferous,longleaf pine,,,,,,,,,0.9,0,0.3,0,41,304.6,7.5,,,,,,0.9,0.4,JERC_006,BC15; BC14,,17,17,0.96,0.0565,46.9878,2.764,0.0204,,,,,,,
D314_F190,JERC,JERC006,JERC00,F190,D03_BC15,D03_BC14,,PIPA2,Pinus,palustris,coniferous,longleaf pine,,,,,,,,could only reach one sunlit branch,5,-1.3,2,-1.3,41,345.1,6.6,3.3,-1.4,4.7,,,,,JERC_006,BC15; BC14,,9,9,0.81,0.09,34.78056,3.8645,0.0233,,,,,,,
D314_F191,JERC,JERC006,JERC00,F191,D03_BC15,D03_BC14,,PIPA2,Sassafras,albidum,deciduous,sassafras,,,,,,,,could only reach one sunlit branch,20,-2.7,7.1,-1.6,41,182.7,10.7,7.7,-1.4,9.1,,,,,JERC_008,BC15; BC14,1.905,19,19,0.3507,0.0185,54.15436183,2.8502,0.0065,,20140170.02,-1.9732257,-31.87168,1.4706792,49.4496024,
D314_F162,JERC,JERC007,JERC00,F162,D03_BC15,D03_BC14,,RHCO,Rhus,copallinum,deciduous,winged sumac,,,,,,,,,2.5,0,1.4,0,41,328.8,7.8,,,,,,2.3,1.6,JERC_007,BC15; BC14,1.27,16,16,0.1704,0.0107,20.26829916,1.2668,0.0084,,20140170.02,-0.2756993,-30.735825,1.7045803,50.045395,
D314_F163,JERC,JERC007,JERC00,F163,D03_BC15,D03_BC14,,RHCO,Rhus,copallinum,deciduous,winged sumac,,,,,,,,,3.4,0,1.5,0,41,249.8,10.1,,,,,,3,2.4,JERC_007,BC15; BC14,1.27,19,19,0.1981,0.0104,24.06860526,1.2668,0.0082,,,,,,,
D314_F164,JERC,JERC007,JERC00,F164,D03_BC15,D03_BC14,,RHCO,Diospyros,virginiana,deciduous,common persimmon,,,,,,,,,2.4,0,1.6,0,41,190.7,8.7,,,,,,2.2,1.7,JERC_007,BC15; BC14,1.905,18,18,0.3572,0.0198,51.30413226,2.8502,0.007,,,,,,,
D314_F165,JERC,JERC007,JERC00,F165,D03_BC15,D03_BC14,,DIVI5,Diospyros,virginiana,deciduous,common persimmon,,,,,,,,,1.7,-1.5,0.2,-1.5,41,26,9.7,,,,,,2.5,1.8,JERC_007,BC15; BC14,1.905,6,6,0.3312,0.0552,17.10137742,2.8502,0.0194,,20140170.02,1.1085454,-28.7172875,2.1843886,46.3518609,
D314_F166,JERC,JERC007,JERC00,F166,D03_BC15,D03_BC14,,DIVI5,Diospyros,virginiana,deciduous,common persimmon,,,,,,,,,2.2,0,1,0,41,123.3,3.5,,,,,,1.7,1.1,JERC_007,BC15; BC14,1.905,6,6,0.3497,0.0583,17.10137742,2.8502,0.0204,,,,,,,
D314_F167,JERC,JERC007,JERC00,F167,D03_BC15,D03_BC14,,DIVI5,Pinus,palustris,coniferous,longleaf pine,,,,,,,,,2.1,0,0.7,0,41,81.7,4.9,,,,,,1.8,1,JERC_007,BC15; BC14,,18,18,1.04,0.0578,45.14361,2.508,0.023,,20140170.02,0.4409451,-28.323355,1.1435884,47.3040375,
D314_F168,JERC,JERC007,JERC00,F168,D03_BC15,D03_BC14,,PIPA2,Pinus,palustris,coniferous,longleaf pine,,,,,,,,,29.1,-1.1,7.8,-1.2,41,46.1,10,8.9,-1.4,10.3,7.9,-1.4,,,JERC_009,BC15; BC14,,17,17,1.02,0.06,42.56215,2.5037,0.024,,20140170.03,-3.7608331,-28.7642075,0.8131535,47.7504823,
D314_F192,JERC,JERC008,JERC00,F192,D03_BC15,D03_BC14,,SAAL5,Sassafras,albidum,deciduous,sassafras,,,,,,,,,2.6,0,1.8,0,33,307.6,6.9,,,,,,2.5,2,JERC_008,BC15; BC14,1.905,16,16,0.2876,0.018,45.60367312,2.8502,0.0063,,,,,,,
D314_F193,JERC,JERC008,JERC00,F193,D03_BC15,D03_BC14,,SAAL5,Sassafras,albidum,deciduous,sassafras,,,,,,,,,1.6,0,1.2,0,33,280.6,5,,,,,,1.5,1.2,JERC_008,BC15; BC14,1.905,18,18,0.3131,0.0174,51.30413226,2.8502,0.0061,,,,,,,
D314_F194,JERC,JERC008,JERC00,F194,D03_BC15,D03_BC14,,SAAL5,Quercus,stellata,deciduous,post oak,,,,,,,,,2,0,1.4,0,41,33.8,2,,,,,,2,1.5,JERC_008,BC15; BC14,1.905,15,15,0.4716,0.0314,42.75344355,2.8502,0.011,,,,,,,
D314_F195,JERC,JERC008,JERC00,F195,D03_BC15,D03_BC14,,QUST,Quercus,margarettae,deciduous,runner oak,,,,,,,,,18.1,-1.5,4.3,-1.5,41,352.3,5.3,5.7,-1.7,7.4,6.7,-1.7,,,JERC_008,BC15; BC14,1.905,19,19,0.5215,0.0274,54.15436183,2.8502,0.0096,,20140170.03,-3.7608331,-30.849215,1.7397101,46.0964536,
D314_F196,JERC,JERC008,JERC00,F196,D03_BC15,D03_BC14,,QUMA,Quercus,margarettae,deciduous,runner oak,,,,,,,,,11.9,-1.5,4,-1.5,41,314.7,9.9,4.2,-1.6,5.8,6.6,-1.6,,,JERC_008,BC15; BC14,1.905,16,16,0.4644,0.029,45.60367312,2.8502,0.0102,,,,,,,
D314_F197,JERC,JERC008,JERC00,F197,D03_BC15,D03_BC14,,QUMA,Quercus,falcata,deciduous,southern red oak,,,,,,,,,15.8,-1.5,4.6,-1.5,41,307.3,10.8,6.3,-1.6,7.9,6.3,-1.6,,,JERC_008,BC15; BC14,1.905,16,16,0.4946,0.0309,45.60367312,2.8502,0.0108,,,,,,,
D314_F198,JERC,JERC008,JERC00,F198,D03_BC15,D03_BC14,,QUFA,Quercus,falcata,deciduous,southern red oak,,,,,,,,,1.6,0,0.8,0,41,67.6,3.2,,,,,,1.6,0.9,JERC_008,BC15; BC14,1.905,17,17,0.5334,0.0314,48.45390269,2.8502,0.011,,20140170.03,-3.5446387,-30.3516675,1.5199549,48.311256,
D314_F199,JERC,JERC008,JERC00,F199,D03_BC15,D03_BC14,,QUFA,Quercus,falcata,deciduous,southern red oak,,,,,,,,,2.3,0,0.9,0,41,30,7.6,,,,,,2.2,1.5,JERC_008,BC15; BC14,1.27,15,15,0.207,0.0138,19.00153047,1.2668,0.0109,,,,,,,
D314_F200,JERC,JERC008,JERC00,F200,D03_BC15,D03_BC14,,QUFA,Quercus,incana,deciduous,bluejack oak,,,,,,,,,1.3,0,0.7,0,41,164.9,10.3,,,,,,1.3,0.7,JERC_005,BC15; BC14,1.27,17,17,0.2127,0.0125,21.53506786,1.2668,0.0099,,,,,,,
D314_F169,JERC,JERC009,JERC00,F169,D03_BC15,D03_BC14,,PIPA2,Pinus,palustris,coniferous,longleaf pine,,,,,,,,,12.4,-1.4,4.3,-1.5,41,47.8,2.5,5.7,-1.5,7.2,4.6,-1.5,,,JERC_009,BC15; BC14,,14,14,0.77,0.055,32.68987,2.335,0.0236,,,,,,,
D314_F170,JERC,JERC009,JERC00,F170,D03_BC15,D03_BC14,,PIPA2,Pinus,palustris,coniferous,longleaf pine,,,,,,,,only one sample: not enough branchlets,14.7,-1.6,0.8,-1.4,41,142.6,0.8,3.2,-1.5,4.7,,,,,JERC_009,BC15; BC14,,16,16,0.63,0.0394,30.68807,1.918,0.0205,,,,,,,
D314_F171,JERC,JERC009,JERC00,F171,D03_BC15,D03_BC14,,PIPA2,Quercus,falcata,deciduous,southern red oak,,,,,,,,only one sample: not enough branchlets,5.8,-1.5,2.8,-1.5,41,214.9,4.4,4.3,-1.4,5.7,,,,,JERC_009,BC15; BC14,1.905,19,19,0.5736,0.0302,54.15436183,2.8502,0.0106,,20140170.03,-1.9752275,-29.8961525,1.6660407,46.8208472,
D314_F172,JERC,JERC009,JERC00,F172,D03_BC15,D03_BC14,,QUFA,Quercus,falcata,deciduous,southern red oak,,,,,,,,>1 individual copice/cluster of regen,0.8,0,0.5,0,41,161.5,6.8,,,,,,0.8,0.6,JERC_009,BC15; BC14,1.905,6,6,0.6433,0.1072,17.10137742,2.8502,0.0376,,,,,,,
D314_F173,JERC,JERC009,JERC00,F173,D03_BC15,D03_BC14,,QUFA,Quercus,falcata,deciduous,southern red oak,,,,,,,,>1 individual copice/cluster of regen,1.3,0,0.5,0,41,216.1,10.4,,,,,,1.3,0.9,JERC_009,BC15; BC14,1.905,15,15,0.4451,0.0297,42.75344355,2.8502,0.0104,,20140170.03,-2.4636667,-29.5481625,1.4422466,46.8717997,
D314_F174,JERC,JERC009,JERC00,F174,D03_BC15,D03_BC14,,QUFA,Sassafras,albidum,deciduous,sassafras,,,,,,,,>1 individual copice/cluster of regen,1.4,0,0.5,0,41,15.4,7.9,,,,,,1.4,0.6,JERC_002,BC15; BC14,1.905,16,16,0.3038,0.019,45.60367312,2.8502,0.0067,,,,,,,
D314_F207,JERC,JERC010,JERC00,F207,D03_BC15,D03_BC14,,PIPA2,Pinus,palustris,coniferous,longleaf pine,,,,,,,,only one sample: not enough branchlets,5.4,-1.5,1.5,-1.5,33,356,9.4,4,-1.8,5.8,,,,,JERC_010,BC15; BC14,,12,12,0.89,0.0742,44.57574,3.7146,0.02,,,,,,,
D314_F208,JERC,JERC010,JERC00,F208,D03_BC15,D03_BC14,,PIPA2,Pinus,palustris,coniferous,longleaf pine,,,,,,,,only one sample: not enough branchlets,9.4,-1.5,3,-1.5,33,351.7,9.5,3.4,-1.6,5,,,,,JERC_010,BC15; BC14,,17,17,0.83,0.0488,38.30412,2.2532,0.0217,,,,,,,
D314_F209,JERC,JERC010,JERC00,F209,D03_BC15,D03_BC14,,QUMA,Quercus,margarettae,deciduous,runner oak,,,,,,,,,7.1,-2.2,0.5,-2.2,41,99.4,2.3,5,-2,7,2.4,-2,,,JERC_010,BC15; BC14,1.905,16,16,0.5205,0.0325,45.60367312,2.8502,0.0114,,,,,,,
D314_F210,JERC,JERC010,JERC00,F210,D03_BC15,D03_BC14,,QUMA,Quercus,margarettae,deciduous,runner oak,,,,,,,,,7.5,-1.8,2.2,-1.7,41,85.6,1.2,4.3,-1.6,5.9,5.2,-1.5,,,JERC_010,BC15; BC14,1.905,15,15,0.495,0.033,42.75344355,2.8502,0.0116,,,,,,,
D314_F211,JERC,JERC010,JERC00,F211,D03_BC15,D03_BC14,,QUMA,Quercus,margarettae,deciduous,runner oak,,,,,,,,,6.2,-1.2,0.2,-1.2,41,299.8,4.9,3.3,-1.2,4.5,4.8,-1.1,,,JERC_010,BC15; BC14,1.905,17,17,0.5546,0.0326,48.45390269,2.8502,0.0114,,20140170.03,-3.6437278,-29.32236,1.5933114,47.1730387,
D314_F212,JERC,JERC010,JERC00,F212,D03_BC15,D03_BC14,,QUMA,Quercus,margarettae,deciduous,runner oak,,,,,,,,,13.6,-1.6,2.2,-1.6,41,232.5,10.3,5.6,-1.4,7,5.6,-1.7,,,JERC_010,BC15; BC14,1.905,17,17,0.5297,0.0312,48.45390269,2.8502,0.0109,,,,,,,
D314_F213,JERC,JERC010,JERC00,F213,D03_BC15,D03_BC14,,QUIN,Quercus,incana,deciduous,bluejack oak,,,,,,,,,5.2,-1.9,1,-1.9,41,139.9,10,4.1,-1.3,5.4,2.7,-1.3,,,JERC_010,BC15; BC14,1.905,16,16,0.4655,0.0291,45.60367312,2.8502,0.0102,,,,,,,
D314_F214,JERC,JERC010,JERC00,F214,D03_BC15,D03_BC14,,QUIN,Quercus,incana,deciduous,bluejack oak,,,,,,,,,3.8,-1.9,1.4,-1.9,41,140.6,10.4,2.8,-1.6,4.4,3.8,-1.6,,,JERC_010,BC15; BC14,1.905,17,17,0.4182,0.0246,48.45390269,2.8502,0.0086,,20140170.03,-2.160394,-30.9538075,1.4660493,47.1657067,
D314_F237,JERC,JERC011,JERC00,F237,D03_BC15,D03_BC14,,QUFA,Quercus,falcata,deciduous,southern red oak,,,,,,,,,2.3,0,0.8,0,41,311.6,6.2,,,,,,1.4,1,JERC_011,BC15; BC14,1.905,16,16,0.5326,0.0333,45.60367312,2.8502,0.0117,,,,,,,
D314_F238,JERC,JERC011,JERC00,F238,D03_BC15,D03_BC14,,QUFA,Quercus,falcata,deciduous,southern red oak,,,,,,,,,1.9,0,0.7,0,41,326,9.3,,,,,,1.5,1,JERC_011,BC15; BC14,1.905,18,18,0.6372,0.0354,51.30413226,2.8502,0.0124,,,,,,,
D314_F239,JERC,JERC011,JERC00,F239,D03_BC15,D03_BC14,,QUFA,Quercus,falcata,deciduous,southern red oak,,,,,,,,,2.3,0,0.9,0,41,60.5,9.7,,,,,,1.6,1.1,JERC_011,BC15; BC14,1.905,15,15,0.4745,0.0316,42.75344355,2.8502,0.0111,,20140170.03,-4.0951337,-30.2187275,1.3859561,47.7199278,
D314_F240,JERC,JERC011,JERC00,F240,D03_BC15,D03_BC14,,QUFA,Quercus,falcata,deciduous,southern red oak,,,,,,,,,1.9,0,0.6,0,41,95.8,2,,,,,,1.6,1.2,JERC_011,BC15; BC14,1.905,16,16,0.4913,0.0307,45.60367312,2.8502,0.0108,,,,,,,
D314_F241,JERC,JERC011,JERC00,F241,D03_BC15,D03_BC14,,DIVI5,Diospyros,virginiana,deciduous,common persimmon,,,,,,,,,2,0,0.8,0,41,90.4,6.9,,,,,,2,1.5,JERC_011,BC15; BC14,1.905,19,19,0.5349,0.0282,54.15436183,2.8502,0.0099,,,,,,,
D314_F242,JERC,JERC011,JERC00,F242,D03_BC15,D03_BC14,,DIVI5,Diospyros,virginiana,deciduous,common persimmon,,,,,,,,,2,0,0.9,0,41,66.5,9.3,,,,,,1.5,1,JERC_011,BC15; BC14,1.905,19,19,0.4472,0.0235,54.15436183,2.8502,0.0083,,,,,,,
D314_F243,JERC,JERC011,JERC00,F243,D03_BC15,D03_BC14,,DIVI5,Diospyros,virginiana,deciduous,common persimmon,,,,,,,,,2,0,0.6,0,41,259.2,4.2,,,,,,2,1.5,JERC_011,BC15; BC14,1.905,16,16,0.4393,0.0275,45.60367312,2.8502,0.0096,,20140170.03,-2.891051,-30.4963375,1.1227342,46.5281699,
D314_F244,JERC,JERC011,JERC00,F244,D03_BC15,D03_BC14,,RHCO,Rhus,copallinum,deciduous,winged sumac,,,,,,,,,1.3,0,0.8,0,41,0.9,7.8,,,,,,1.3,0.9,JERC_011,BC15; BC14,1.27,15,15,0.1716,0.0114,19.00153047,1.2668,0.009,,,,,,,
D314_F245,JERC,JERC011,JERC00,F245,D03_BC15,D03_BC14,,RHCO,Rhus,copallinum,deciduous,winged sumac,,,,,,,,,1.2,0,0.7,0,41,83.3,4.6,,,,,,1.1,0.8,JERC_011,BC15; BC14,1.27,21,21,0.2567,0.0122,26.60214265,1.2668,0.0096,,20140170.04,-6.6214053,-31.2959325,1.3402076,50.0285174,
D314_F246,JERC,JERC011,JERC00,F246,D03_BC15,D03_BC14,,RHCO,Rhus,copallinum,deciduous,winged sumac,,,,,,,,,1,0,0.5,0,41,315.1,6.4,,,,,,1,0.7,JERC_011,BC15; BC14,1.27,17,17,0.1666,0.0098,21.53506786,1.2668,0.0077,,,,,,,
D314_F247,JERC,JERC011,JERC00,F247,D03_BC15,D03_BC14,,PIPA2,Pinus,palustris,coniferous,longleaf pine,,,,,,,,*Just outside of 20x20 plot. Sampled anyway because we were lacking samples from mature PIPA,23.2,-1.6,9.3,-1.5,41,12.1,334.1,9.5,-1.5,11,9.7,-1.5,,,JERC_011,BC15; BC14,,15,15,0.89,0.0593,37.73811,2.5159,0.0236,,,,,,,
D314_F215,JERC,JERC016,JERC00,F215,D03_BC15,D03_BC14,,QULA3,Quercus,laurifolia,deciduous,laurel oak,,,,,,,,,6.6,-1.8,1.8,-1.8,41,235.3,3.7,4.1,-1.7,5.8,4.4,-1.6,,,JERC_016,BC15; BC14,1.27,16,16,0.2027,0.0127,20.26829916,1.2668,0.01,,,,,,,
D314_F216,JERC,JERC016,JERC00,F216,D03_BC15,D03_BC14,,QULA3,Quercus,laurifolia,deciduous,laurel oak,,,,,,,,,3.8,-1.2,0.9,-1.2,41,250.8,7.8,3.2,-1.4,4.6,2.3,-1.4,,,JERC_016,BC15; BC14,1.27,19,19,0.2169,0.0114,24.06860526,1.2668,0.009,,20140170.04,-4.5165126,-30.7583075,1.6216205,48.393251,
D314_F217,JERC,JERC016,JERC00,F217,D03_BC15,D03_BC14,,QULA3,Quercus,laurifolia,deciduous,laurel oak,,,,,,,,,6,-1.6,2.7,-1.6,41,223.6,6.8,5.4,-1.6,7,3.9,-1.6,,,JERC_016,BC15; BC14,1.905,15,15,0.3956,0.0264,42.75344355,2.8502,0.0093,,20140170.04,-4.8508132,-31.7279875,1.6771233,48.7318761,
D314_F218,JERC,JERC019,JERC00,F218,D03_BC15,D03_BC14,,QUFA,Quercus,falcata,deciduous,southern red oak,,,,,,,,,17.4,-1.3,3.5,-1.4,41,223,8.2,4.8,-1.5,6.3,5.3,-1.5,,,JERC_019,BC15; BC14,1.905,18,18,0.5683,0.0316,51.30413226,2.8502,0.0111,,,,,,,
D314_F219,JERC,JERC019,JERC00,F219,D03_BC15,D03_BC14,,QULA3,Quercus,laurifolia,deciduous,laurel oak,,,,,,,,,3.2,-1.4,1.2,-1.4,41,83.7,6.5,2,-1.5,3.5,2.5,-1.5,,,JERC_019,BC15; BC14,,15,15,0.6363,0.0424,53.56721,3.5711,0.0119,,,,,,,
D314_F220,JERC,JERC019,JERC00,F220,D03_BC15,D03_BC14,,QULA3,Quercus,laurifolia,deciduous,laurel oak,,,,,,,,,4,-1.4,0.4,-1.4,41,126.1,7.3,3.5,-1.5,5,2.3,-1.5,,,JERC_019,BC15; BC14,1.27,18,18,0.2767,0.0154,22.80183656,1.2668,0.0121,,,,,,,
D314_F221,JERC,JERC019,JERC00,F221,D03_BC15,D03_BC14,,QULA3,Quercus,laurifolia,deciduous,laurel oak,,,,,,,,,3.1,0,1,0,41,307.3,10,,,,,,2.6,1.5,JERC_019,BC15; BC14,1.27,16,16,0.2603,0.0163,20.26829916,1.2668,0.0128,,,,,,,
D314_F222,JERC,JERC019,JERC00,F222,D03_BC15,D03_BC14,,SAAL5,Sassafras,albidum,deciduous,sassafras,,,,,,,,,3.3,0,1.6,0,41,132.3,3.4,,,,,,3.1,2.2,JERC_019,BC15; BC14,1.905,18,18,0.333,0.0185,51.30413226,2.8502,0.0065,,,,,,,
D314_F223,JERC,JERC019,JERC00,F223,D03_BC15,D03_BC14,,SAAL5,Sassafras,albidum,deciduous,sassafras,,,,,,,,,1,0,0.5,0,41,299,9.6,,,,,,1,0.7,JERC_019,BC15; BC14,1.905,17,17,0.3564,0.021,48.45390269,2.8502,0.0074,,,,,,,
D314_F224,JERC,JERC019,JERC00,F224,D03_BC15,D03_BC14,,SAAL5,Sassafras,albidum,deciduous,sassafras,,,,,,,,,3.6,0,2,0,41,324.8,4.9,,,,,,3,2.5,JERC_019,BC15; BC14,1.905,17,17,0.4877,0.0287,48.45390269,2.8502,0.0101,,20140170.04,-2.3225398,-28.6703675,1.983862,50.2365865,REPLICATED; values here for first run only
D314_F225,JERC,JERC019,JERC00,F225,D03_BC15,D03_BC14,,CAAM2,Callicarpa,americana,deciduous,American beautyberry,,,,,,,,,2.4,0,1.3,0,41,126.1,4.1,,,,,,2.3,1.5,JERC_019,BC15; BC14,1.905,19,19,0.2838,0.0149,54.15436183,2.8502,0.0052,,,,,,,
D314_F226,JERC,JERC019,JERC00,F226,D03_BC15,D03_BC14,,CAAM2,Callicarpa,americana,deciduous,American beautyberry,,,,,,,,,1.5,0,0.6,0,41,147.9,7.4,,,,,,1.4,0.7,JERC_019,BC15; BC14,1.905,18,18,0.2093,0.0116,51.30413226,2.8502,0.0041,,,,,,,
D314_F227,JERC,JERC019,JERC00,F227,D03_BC15,D03_BC14,,CAAM2,Callicarpa,americana,deciduous,American beautyberry,,,,,,,,,2,0,0.6,0,41,333.5,6.6,,,,,,1.8,1.2,JERC_019,BC15; BC14,1.905,16,16,0.29,0.0181,45.60367312,2.8502,0.0064,,,,,,,
D314_F228,JERC,JERC019,JERC00,F228,D03_BC15,D03_BC14,,ROPS,Robinia,pseudoacacia,deciduous,black locust,,,,,,,,,2,0,0.7,0,41,331.7,1.7,,,,,,1.6,0.9,JERC_019,BC15; BC14,1.27,16,16,0.1301,0.0081,20.26829916,1.2668,0.0064,,,,,,,
D314_F229,JERC,JERC019,JERC00,F229,D03_BC15,D03_BC14,,ROPS,Robinia,pseudoacacia,deciduous,black locust,,,,,,,,,1.5,0,0.9,0,41,305.3,11.2,,,,,,1.5,1,JERC_019,BC15; BC14,1.905,15,15,0.248,0.0165,42.75344355,2.8502,0.0058,,20140170.05,0.4899892,-31.1160725,3.211774,47.0890634,
D314_F230,JERC,JERC019,JERC00,F230,D03_BC15,D03_BC14,,ROPS,Robinia,pseudoacacia,deciduous,black locust,,,,,,,,,2.3,0,0.6,0,41,327.6,6.9,,,,,,1.5,1,JERC_019,BC15; BC14,1.27,17,17,0.1219,0.0072,21.53506786,1.2668,0.0057,,,,,,,
D314_F231,JERC,JERC019,JERC00,F231,D03_BC15,D03_BC14,,DIVI5,Diospyros,virginiana,deciduous,common persimmon,,,,,,,,,4.1,0,1.8,0,41,358.6,5.3,,,,,,3,2.4,JERC_019,BC15; BC14,1.905,16,16,0.4387,0.0274,45.60367312,2.8502,0.0096,,,,,,,
D314_F232,JERC,JERC019,JERC00,F232,D03_BC15,D03_BC14,,DIVI5,Diospyros,virginiana,deciduous,common persimmon,,,,,,,,,1.6,0,0.5,0,41,306.6,9,,,,,,1.5,1,JERC_019,BC15; BC14,1.905,16,16,0.4274,0.0267,45.60367312,2.8502,0.0094,,20140170.05,-0.5779711,-30.4083625,1.3706302,47.0042953,
D314_F233,JERC,JERC019,JERC00,F233,D03_BC15,D03_BC14,,DIVI5,Diospyros,virginiana,deciduous,common persimmon,,,,,,,,,2,0,0.6,0,41,271.5,3.4,,,,,,1.9,1,JERC_019,BC15; BC14,1.905,17,17,0.3271,0.0192,48.45390269,2.8502,0.0068,,,,,,,
D314_F234,JERC,JERC019,JERC00,F234,D03_BC15,D03_BC14,,LYJA,Lygodium,japonicum,deciduous,Japanese climbing fern,,,,,,,,did not map. sprawling vine marginally woody. Invasive species co-dominant at site thought would be interesting to sample and monitor,,,,,,,,,,,,,0.7,0.4,JERC_019,BC15; BC14,,10,10,0.2179,0.0218,56.54195,5.6542,0.0039,,,,,,,
D314_F235,JERC,JERC019,JERC00,F235,D03_BC15,D03_BC14,,LYJA,Lygodium,japonicum,deciduous,Japanese climbing fern,,,,,,,,did not map. sprawling vine marginally woody. Invasive species co-dominant at site thought would be interesting to sample and monitor,,,,,,,,,,,,,0.6,0.3,JERC_019,BC15; BC14,,10,10,0.2974,0.0297,44.89404,4.4894,0.0066,,,,,,,
D314_F236,JERC,JERC019,JERC00,F236,D03_BC15,D03_BC14,,LYJA,Lygodium,japonicum,deciduous,Japanese climbing fern,,,,,,,,did not map. sprawling vine marginally woody. Invasive species co-dominant at site thought would be interesting to sample and monitor,,,,,,,,,,,,,1.3,0.8,JERC_019,BC15; BC14,,11,11,0.2822,0.0257,59.22251,5.3839,0.0048,,,,,,,
D314_F140,JERC,JERC030,JERC00,F140,D03_BC15,D03_BC14,,QULA3,Quercus,lyrata,deciduous,overcup oak,,,,,,,,,12,-1.6,1.9,-1.6,41,90.2,7.1,7.6,-1.7,9.3,5.3,-1.7,,,JERC_030,BC15; BC14,1.905,15,15,0.3803,0.0254,42.75344355,2.8502,0.0089,,20140170.05,-2.8159835,-30.06526,1.9697206,46.9619716,
D314_F141,JERC,JERC030,JERC00,F141,D03_BC15,D03_BC14,,QULY,Rhus,copallinum,deciduous,winged sumac,,,,,,,,,13.1,-2,5.7,-2,41,32.1,8.6,6.4,-1.4,7.8,6.5,-1.5,,,JERC_030,BC15; BC14,1.27,16,16,0.1524,0.0095,20.26829916,1.2668,0.0075,,,,,,,
D314_F142,JERC,JERC030,JERC00,F142,D03_BC15,D03_BC14,,RHCO,Rhus,copallinum,deciduous,winged sumac,,,,,,,,,0.9,0,0.5,0,41,159.5,6,,,,,,0.9,0.5,JERC_030,BC15; BC14,1.27,16,16,0.1602,0.01,20.26829916,1.2668,0.0079,,20140170.05,-0.8782411,-31.0398275,1.4507947,49.9389293,
D314_F143,JERC,JERC030,JERC00,F143,D03_BC15,D03_BC14,,RHCO,Rhus,copallinum,deciduous,winged sumac,,,,,,,,,2.1,0,0.8,0,41,210.8,8,,,,,,2,1,JERC_030,BC15; BC14,1.27,16,16,0.1455,0.0091,20.26829916,1.2668,0.0072,,,,,,,
D314_F144,JERC,JERC030,JERC00,F144,D03_BC15,D03_BC14,,RHCO,Quercus,falcata,deciduous,southern red oak,,,,,,,,,1.1,0,0.5,0,41,214.6,3.7,,,,,,1.1,0.5,JERC_001,BC15; BC14,1.905,19,19,0.6651,0.035,54.15436183,2.8502,0.0123,,,,,,,
D314_F271,JERC,JERC047,JERC00,F271,D03_BC15,D03_BC14,,PIPA2,Pinus,palustris,coniferous,longleaf pine,,,,,,,,,19.6,-1.4,4.7,-1.4,41,317,19.4,7.1,-1.3,8.4,7.3,-1.3,,,JERC_047,BC15; BC14,,17,17,1.19,0.07,48.92014,2.8777,0.0243,,,,,,,
D314_F272,JERC,JERC047,JERC00,F272,D03_BC15,D03_BC14,,PIPA2,Pinus,palustris,coniferous,longleaf pine,,,,,,,,,20.4,-2,4.7,-1.7,41,250.3,9.3,7.7,-1.5,9.2,7.2,-1.5,,,JERC_047,BC15; BC14,,16,16,0.66,0.0413,34.43755,2.1523,0.0192,,20140170.05,-3.3384533,-27.8160325,0.9499905,47.8160325,
D314_F273,JERC,JERC047,JERC00,F273,D03_BC15,D03_BC14,,PIPA2,Pinus,palustris,coniferous,longleaf pine,,,,,,,,could only reach one sunlit branch,16.3,-2,7.5,-1.8,41,200.4,2.7,7.9,-1.5,9.4,,,,,JERC_047,BC15; BC14,,18,18,1.22,0.0678,51.20876,2.8449,0.0238,,,,,,,
D314_F274,JERC,JERC047,JERC00,F274,D03_BC15,D03_BC14,,PIPA2,Pinus,palustris,coniferous,longleaf pine,,,,,,,,,20,-1.2,8.2,-1.3,41,337.5,8.5,8.4,-1.3,9.7,8.8,-1.3,,,JERC_047,BC15; BC14,,15,15,1.2,0.08,49.64111,3.3094,0.0242,,,,,,,
D314_F275,JERC,JERC047,JERC00,F275,D03_BC15,D03_BC14,,PIPA2,Pinus,palustris,coniferous,longleaf pine,,,,,,,,Not enough branches for >1 sample,11.3,-1.8,6.4,-1.5,61,262.6,7.3,7.2,-1.4,8.6,,,,,JERC_047,BC15; BC14,,15,15,1.03,0.0687,4.72764,0.3152,0.2179,,,,,,,
D314_F276,JERC,JERC047,JERC00,F276,D03_BC15,D03_BC14,,QUMA,Quercus,margarettae,deciduous,runner oak,,,,,,,,,11.6,-1.8,3.9,-1.8,41,295.2,10.9,8,-1.5,9.5,8.4,-1.2,,,JERC_047,BC15; BC14,1.27,15,15,0.2087,0.0139,19.00153047,1.2668,0.011,,,,,,,
D314_F277,JERC,JERC047,JERC00,F277,D03_BC15,D03_BC14,,QUMA,Quercus,margarettae,deciduous,runner oak,,,,,,,,,7.8,-2.2,2.1,-1.9,41,151,11.5,7.3,-1.8,9.1,7.4,-1.7,,,JERC_047,BC15; BC14,1.905,16,16,0.4753,0.0297,45.60367312,2.8502,0.0104,,,,,,,
D314_F278,JERC,JERC047,JERC00,F278,D03_BC15,D03_BC14,,QUMA,Quercus,margarettae,deciduous,runner oak,,,,,,,,,8.1,-1.6,3,-1.5,59,101.8,8.3,6.3,-1.5,7.8,6.7,-1.8,,,JERC_047,BC15; BC14,1.905,18,18,0.5978,0.0332,51.30413226,2.8502,0.0117,,,,,,,
D314_F279,JERC,JERC047,JERC00,F279,D03_BC15,D03_BC14,,QUMA,Quercus,margarettae,deciduous,runner oak,,,,,,,,,7.6,-1.6,-0.3,-1.6,41,349.4,14.6,6.2,-1.6,7.8,4.6,-1.5,,,JERC_047,BC15; BC14,1.905,17,17,0.5555,0.0327,48.45390269,2.8502,0.0115,,20140170.05,-3.1532868,-29.8824675,1.7192,47.600883,
D314_F280,JERC,JERC047,JERC00,F280,D03_BC15,D03_BC14,,QUMA,Quercus,margarettae,deciduous,runner oak,,,,,,,,,12.1,-2.1,5.6,-1.7,41,218.6,24.1,7.7,-1.7,9.4,8.4,-1.4,,,JERC_047,BC15; BC14,1.27,18,18,0.2932,0.0163,22.80183656,1.2668,0.0129,,,,,,,
D314_F261,JERC,JERC048,JERC00,F261,D03_BC15,D03_BC14,,PIPA2,Pinus,palustris,coniferous,longleaf pine,,,,,,,,,19.8,-1.6,7.4,-1.6,41,54.9,9.2,8.1,-1.6,9.7,7.2,-1.4,,,JERC_048,BC15; BC14,,13,13,0.77,0.0592,30.59494,2.3535,0.0252,,,,,,,
D314_F262,JERC,JERC048,JERC00,F262,D03_BC15,D03_BC14,,PIPA2,Pinus,palustris,coniferous,longleaf pine,,,,,,,,could only reach one sunlit branch,16.3,-1.4,6.4,-1.5,41,5.5,8.9,7.6,-1.5,9.1,,,,,JERC_048,BC15; BC14,,18,18,1.06,0.0589,43.46125,2.4145,0.0244,,,,,,,
D314_F263,JERC,JERC048,JERC00,F263,D03_BC15,D03_BC14,,PIPA2,Pinus,palustris,coniferous,longleaf pine,,,,,,,,,16.7,-1.4,8,-1.4,41,165.5,17.7,8,-1.6,9.6,8.3,-1.6,,,JERC_048,BC15; BC14,,16,16,1,0.0625,39.6029,2.4752,0.0253,,20140170.05,-2.9941437,-29.1376125,1.0163084,47.9122593,
D314_F264,JERC,JERC048,JERC00,F264,D03_BC15,D03_BC14,,PIPA2,Pinus,palustris,coniferous,longleaf pine,,,,,,,,could only reach one sunlit branch,18.7,-1.4,7.3,-1.4,41,233.7,17.5,7.5,-1.5,9,,,,,JERC_048,BC15; BC14,,15,15,1.47,0.098,50.24031,3.3494,0.0293,,,,,,,
D314_F265,JERC,JERC048,JERC00,F265,D03_BC15,D03_BC14,,PIPA2,Pinus,palustris,coniferous,longleaf pine,,,,,,,,could only reach one sunlit branch,19,-1.4,8.4,-1.4,41,232,19.9,8.6,-1.6,10.2,,,,,JERC_048,BC15; BC14,,17,17,1.25,0.0735,44.97774,2.6457,0.0278,,,,,,,
D314_F266,JERC,JERC048,JERC00,F266,D03_BC15,D03_BC14,,QUFA,Quercus,falcata,deciduous,southern red oak,,,,,,,,,2.4,0,1,0,41,9.2,15.4,,,,,,1.8,1.5,JERC_048,BC15; BC14,1.905,15,15,0.5005,0.0334,42.75344355,2.8502,0.0117,,,,,,,
D314_F267,JERC,JERC048,JERC00,F267,D03_BC15,D03_BC14,,QUFA,Quercus,falcata,deciduous,southern red oak,,,,,,,,,1.3,0,0.6,0,41,316.3,16,,,,,,1.2,0.8,JERC_048,BC15; BC14,1.905,17,17,0.588,0.0346,48.45390269,2.8502,0.0121,,,,,,,
D314_F268,JERC,JERC048,JERC00,F268,D03_BC15,D03_BC14,,QUFA,Quercus,falcata,deciduous,southern red oak,,,,,,,,,2,0,0.7,0,41,264.2,5.1,,,,,,2,1.1,JERC_048,BC15; BC14,1.905,17,17,0.5338,0.0314,48.45390269,2.8502,0.011,,20140170.05,-1.9742266,-30.035935,1.6605259,48.2347963,
D314_F269,JERC,JERC048,JERC00,F269,D03_BC15,D03_BC14,,QUFA,Quercus,falcata,deciduous,southern red oak,,,,,,,,,1.7,0,0.5,0,41,114.5,10.1,,,,,,1.6,1,JERC_048,BC15; BC14,1.905,16,16,0.5576,0.0349,45.60367312,2.8502,0.0122,,,,,,,
D314_F270,JERC,JERC048,JERC00,F270,D03_BC15,D03_BC14,,QUFA,Quercus,falcata,deciduous,southern red oak,,,,,,,,,16.2,-1.5,8.8,-1.4,41,55.4,20.8,9.2,-1.3,10.5,9.4,-1.3,,,JERC_048,BC15; BC14,1.905,16,16,0.5386,0.0337,45.60367312,2.8502,0.0118,,,,,,,
D314_F248,JERC,JERC049,JERC00,F248,D03_BC15,D03_BC14,,PIPA2,Pinus,palustris,coniferous,longleaf pine,,,,,,,,,9.9,-1.6,2.6,-1.6,41,245.9,12.4,6.3,-1.5,7.8,6,-1.5,,,JERC_049,BC15; BC14,,15,15,0.7,0.0467,35.01407,2.3343,0.02,,,,,,,
D314_F249,JERC,JERC049,JERC00,F249,D03_BC15,D03_BC14,,PIPA2,Pinus,palustris,coniferous,longleaf pine,,,,,,,,,21.7,-1.5,5.7,-1.5,41,329.5,20.2,6.5,-1.4,7.9,6.2,-1.5,,,JERC_049,BC15; BC14,,16,16,0.97,0.0606,39.80107,2.4876,0.0244,,20140170.06,-2.6128008,-30.0027,1.5042893,51.2912859,
D314_F250,JERC,JERC049,JERC00,F250,D03_BC15,D03_BC14,,PIPA2,Pinus,palustris,coniferous,longleaf pine,,,,,,,,,19.6,-1.3,3.1,-1.3,41,56.4,10.1,5.6,-1.5,7.1,6.1,-1.5,,,JERC_049,BC15; BC14,,18,18,0.91,0.0506,40.68418,2.2602,0.0224,,,,,,,
D314_F251,JERC,JERC049,JERC00,F251,D03_BC15,D03_BC14,,PIPA2,Pinus,palustris,coniferous,longleaf pine,,,,,,,,,22.8,-1.2,7.6,-1.2,41,132.4,20.1,6.7,-1.5,8.2,7,-1.4,,,JERC_049,BC15; BC14,,11,11,0.86,0.0782,32.12661,2.9206,0.0268,,,,,,,
D314_F252,JERC,JERC049,JERC00,F252,D03_BC15,D03_BC14,,PIPA2,Pinus,palustris,coniferous,longleaf pine,,,,,,,,could only reach one sunlit branch,22.2,-1.3,7.6,-1.3,41,351.6,3.5,7.8,1.3,6.5,,,,,JERC_049,BC15; BC14,,20,20,1.35,0.0675,51.8843,2.5942,0.026,,,,,,,
D314_F253,JERC,JERC049,JERC00,F253,D03_BC15,D03_BC14,,QUMA,Quercus,margarettae,deciduous,runner oak,,,,,,,,,13.5,-1.3,3.5,-1.3,41,308.1,11.5,5.4,-1.4,6.8,6.8,-1.6,,,JERC_049,BC15; BC14,1.905,17,17,0.5329,0.0313,48.45390269,2.8502,0.011,,,,,,,
D314_F254,JERC,JERC049,JERC00,F254,D03_BC15,D03_BC14,,QUMA,Quercus,margarettae,deciduous,runner oak,,,,,,,,,0.7,0,0.2,0,41,262.7,15.7,,,,,,0.7,0.4,JERC_049,BC15; BC14,1.905,15,15,0.4426,0.0295,42.75344355,2.8502,0.0104,,20140170.06,-0.99935,-30.36633,1.5947172,47.4133056,
D314_F255,JERC,JERC049,JERC00,F255,D03_BC15,D03_BC14,,QUFA,Quercus,falcata,deciduous,southern red oak,,,,,,,,,1.3,0,0.5,0,41,174.1,17.5,,,,,,1.3,1,JERC_049,BC15; BC14,1.905,18,18,0.6125,0.034,51.30413226,2.8502,0.0119,,,,,,,
D314_F256,JERC,JERC049,JERC00,F256,D03_BC15,D03_BC14,,QUFA,Quercus,falcata,deciduous,southern red oak,,,,,,,,,1.8,0,0.6,0,41,64.6,14.1,,,,,,1.8,1,JERC_049,BC15; BC14,1.905,18,18,0.5884,0.0327,51.30413226,2.8502,0.0115,,,,,,,
D314_F257,JERC,JERC049,JERC00,F257,D03_BC15,D03_BC14,,QUIN,Quercus,incana,deciduous,bluejack oak,,,,,,,,,1.9,0,0.7,0,41,202.5,11.7,,,,,,1.7,1.4,JERC_049,BC15; BC14,1.27,18,18,0.272,0.0151,22.80183656,1.2668,0.0119,,,,,,,
D314_F258,JERC,JERC049,JERC00,F258,D03_BC15,D03_BC14,,QUIN,Quercus,incana,deciduous,bluejack oak,,,,,,,,,1.4,0,0.6,0,41,161,18,,,,,,1.3,0.8,JERC_049,BC15; BC14,1.27,19,19,0.2376,0.0125,24.06860526,1.2668,0.0099,,20140170.06,-2.4866874,-31.02712,1.5426382,47.568664,
D314_F259,JERC,JERC049,JERC00,F259,D03_BC15,D03_BC14,,SAAL5,Sassafras,albidum,deciduous,sassafras,,,,,,,,,2.1,0,0.8,0,41,230.7,12,,,,,,1.8,0.1,JERC_049,BC15; BC14,1.905,16,16,0.3652,0.0228,45.60367312,2.8502,0.008,,,,,,,
D314_F260,JERC,JERC049,JERC00,F260,D03_BC15,D03_BC14,,SAAL5,Sassafras,albidum,deciduous,sassafras,,,,,,,,,1.6,0,1.1,0,41,112.4,20.8,,,,,,1.6,1.1,JERC_049,BC15; BC14,1.905,17,17,0.3695,0.0217,48.45390269,2.8502,0.0076,,,,,,,
D314_F281,JERC,JERC050,JERC00,F281,D03_BC15,D03_BC14,,PIPA2,Pinus,palustris,coniferous,longleaf pine,,,,,,,,could only reach one sunlit branch,22.3,-1.3,8.3,-1.5,41,238.5,17.3,8.6,-1.5,10.1,,,,,JERC_050,BC15; BC14,,18,18,1.27,0.0706,49.50077,2.75,0.0257,,,,,,,
D314_F282,JERC,JERC050,JERC00,F282,D03_BC15,D03_BC14,,PIPA2,Pinus,palustris,coniferous,longleaf pine,,,,,,,,could only reach one sunlit branch,20.2,-1.6,7.4,-1.8,41,237.7,10.5,8.2,-1.6,9.8,,,,,JERC_050,BC15; BC14,,16,16,1.06,0.0663,48.10543,3.0066,0.022,,,,,,,
D314_F283,JERC,JERC050,JERC00,F283,D03_BC15,D03_BC14,,PIPA2,Pinus,palustris,coniferous,longleaf pine,,,,,,,,,19.3,-1.6,9.3,-1.4,61,241.1,5.5,10.4,-1.2,11.6,9.5,-1.4,,,JERC_050,BC15; BC14,,17,17,1.3,0.0765,53.64461,3.1556,0.0242,,20140170.06,-3.8369015,-28.194325,0.8065918,48.1412005,
D314_F284,JERC,JERC050,JERC00,F284,D03_BC15,D03_BC14,,QULA3,Quercus,laurifolia,deciduous,laurel oak,,,,,,,,,7.6,-2,1.3,-2,61,244,18.4,5.5,-1.8,7.3,4.7,-1.9,,,JERC_050,BC15; BC14,1.27,17,17,0.2641,0.0155,21.53506786,1.2668,0.0123,,,,,,,
D314_F285,JERC,JERC050,JERC00,F285,D03_BC15,D03_BC14,,QULA3,Quercus,laurifolia,deciduous,laurel oak,,,,,,,,,10.9,-1.6,1.3,-1.6,61,261.7,22,4.9,-1.5,6.4,4.9,-1.7,,,JERC_050,BC15; BC14,1.27,16,16,0.2336,0.0146,20.26829916,1.2668,0.0115,,20140170.06,-3.6407251,-29.570645,1.9861208,47.9485322,
D314_F286,JERC,JERC050,JERC00,F286,D03_BC15,D03_BC14,,QULA3,Quercus,laurifolia,deciduous,laurel oak,,,,,,,,,7.5,-1.9,2.5,-1.7,25,33.2,11.5,4.6,-1.6,6.2,4.9,-1.6,,,JERC_050,BC15; BC14,1.27,18,18,0.2629,0.0146,22.80183656,1.2668,0.0115,,,,,,,
D314_F287,JERC,JERC050,JERC00,F287,D03_BC15,D03_BC14,,QULA3,Quercus,laurifolia,deciduous,laurel oak,,,,,,,,,10.9,-2.3,-0.5,-2,41,137.3,6.6,4.6,-1.4,6,6.1,-1.5,,,JERC_050,BC15; BC14,1.27,17,17,0.2427,0.0143,21.53506786,1.2668,0.0113,,,,,,,
D314_F288,JERC,JERC050,JERC00,F288,D03_BC15,D03_BC14,,QULA3,Quercus,laurifolia,deciduous,laurel oak,,,,,,,,,12.1,-2.4,2.9,-1.6,57,129.6,10.9,3.8,-1.5,5.3,4.1,-1.5,,,JERC_050,BC15; BC14,1.27,18,18,0.2622,0.0146,22.80183656,1.2668,0.0115,,,,,,,
D314_F289,JERC,JERC050,JERC00,F289,D03_BC15,D03_BC14,,QUMA,Quercus,margarettae,deciduous,runner oak,,,,,,,,,10.9,-1.6,2.3,-1.6,41,197.7,14.8,3.8,-1.8,5.6,6.8,-1.8,,,JERC_050,BC15; BC14,1.905,19,19,0.5179,0.0273,54.15436183,2.8502,0.0096,,,,,,,
D314_F290,JERC,JERC050,JERC00,F290,D03_BC15,D03_BC14,,QUMA,Quercus,margarettae,deciduous,runner oak,,,,,,,,,7.2,-2,1.2,-2,41,297.1,19.1,4.6,-1.6,6.2,4.5,-1.6,,,JERC_050,BC15; BC14,1.905,18,18,0.6409,0.0356,51.30413226,2.8502,0.0125,,20140170.06,-3.1733048,-29.5892175,1.683534,48.3115877,
D314_F291,JERC,JERC050,JERC00,F291,D03_BC15,D03_BC14,,QUMA,Quercus,margarettae,deciduous,runner oak,,,,,,,,,8,-2.2,-0.5,-2.2,41,310,8.1,3.3,-1,4.3,5.1,-1,,,JERC_050,BC15; BC14,1.905,16,16,0.5814,0.0363,45.60367312,2.8502,0.0127,,,,,,,
