unique_id,site_id,plot_id,bout_id,individual_id,aMeasuredBy,bMeasuredBy,tag_id,taxon_id,genus,species,evergreen vs deciduous,common_name,canopy_ht1,canopy_ht2,canopy_ht3,canopy_ht4,canopy_ht5,avg_canopy_ht,num_shots_or_samples,remarks,heightMaxVD1,heightMaxVD2,heightMinVD1,heightMinVD2,point_id,stem_azimuth,stem_distance,height1VD1,height1VD2,height2VD1,height2VD2,heightrange1,heightrange2,aop_plot,initials,punch_diameter,punch_scan_count,mass_count,total_sample_mass,mass_per_punch_leaf,total_sample_area,avg_punch_leaf_area,mass_per_area,plant_type,wyo_sample_id,fifteen_n,thirteen_c,total_n,total_c,notes
D314_F206,JERC,JERC_005,JERC00,F206,D03_BC15,D03_BC14,,QUFA,Pinus,palustris,coniferous,longleaf pine,,,,,,,,,2,0,0.7,0,41,24.9,9.8,,,,,2,1,OSBS_013,BC15; BC14,,15,15,0.42,0.028,21.7565,1.4504,0.0193,,,,,,,
D314_F137,OSBS,OSBS_001,OSBS00,F137,D03_BC15,D03_BC14,,QUNI,Quercus,nigra,deciduous,water oak,,,,,,,,,9.2,-1.6,6.9,-1.6,41,285.8,6.6,7,-1.5,7.3,-1.5,,,OSBS_001,BC15; BC14,1.905,17,17,0.3725,0.0219,48.45390269,2.8502,0.0077,,20140170.11,-2.7384494,-30.8827388,1.761907,49.266687,REPLICATED; values here for first run only
D314_F138,OSBS,OSBS_001,OSBS00,F138,D03_BC15,D03_BC14,,QUNI,Quercus,nigra,deciduous,water oak,,,,,,,,,8.6,-1.6,5.8,-1.5,41,336.1,7.1,7.1,-1.5,6,-1.5,,,OSBS_001,BC15; BC14,1.905,21,21,0.409,0.0195,59.85482097,2.8502,0.0068,,20140170.11,-2.8694756,-30.0836311,1.9403582,49.111698,
D314_F037,OSBS,OSBS_002,OSBS00,F037,D03_BC15,D03_BC14,,PIPA2,Pinus,palustris,coniferous,longleaf pine,,,,,,,,,14.2,-1.4,8.8,-1.4,41,52,7.8,8.9,-1.5,9.2,-1.5,,,OSBS_002,BC15; BC14,,19,19,1.1232,0.0591,45.59833,2.3999,0.0246,,20140170.08,-3.5780112,-29.169072,0.6151202,49.198587,
D314_F038,OSBS,OSBS_002,OSBS00,F038,D03_BC15,D03_BC14,,PIPA2,Pinus,palustris,coniferous,longleaf pine,,,,,,,,,14.8,-1.6,6.8,-1.6,41,36.1,12.5,8.6,-1.5,7.6,-1.5,,,OSBS_002,BC15; BC14,,20,20,1.0742,0.0537,42.87748,2.1439,0.0251,,,,,,,
D314_F039,OSBS,OSBS_002,OSBS00,F039,D03_BC15,D03_BC14,,PIPA2,Pinus,palustris,coniferous,longleaf pine,,,,,,,,,11.3,-1.5,6.7,-1.5,41,136.5,12.1,7.2,-1.5,7.1,-1.6,,,OSBS_002,BC15; BC14,,18,18,0.7896,0.0439,38.35217,2.1307,0.0206,,20140170.08,-2.6324282,-28.7700428,0.848584,50.4676588,
D314_F040,OSBS,OSBS_002,OSBS00,F040,D03_BC15,D03_BC14,,PIPA2,Pinus,palustris,coniferous,longleaf pine,,,,,,,,,11.9,-1.6,6.7,-1.6,41,201.9,9.7,7.8,-1.5,8.2,-1.6,,,OSBS_002,BC15; BC14,,17,17,0.7263,0.0427,33.52632,1.9721,0.0217,,,,,,,
D314_F041,OSBS,OSBS_002,OSBS00,F041,D03_BC15,D03_BC14,,PIPA2,Pinus,palustris,coniferous,longleaf pine,,,,,,,,,13.3,-1.7,6.4,-1.7,41,224.5,9.8,7.9,-1.4,8.7,-1.4,,,OSBS_002,BC15; BC14,,18,18,0.9367,0.052,39.49249,2.194,0.0237,,,,,,,
D314_F042,OSBS,OSBS_003,OSBS00,F042,D03_BC15,D03_BC14,,QULA3,Quercus,laurifolia,deciduous,laurel oak,,,,,,,,,2.3,-1.6,0.1,-1.6,41,18.1,5.1,2.1,-1.6,1.5,-1.6,,,OSBS_003,BC15; BC14,1.27,18,18,0.2111,0.0117,22.80183656,1.2668,0.0093,,,,,,,
D314_F043,OSBS,OSBS_003,OSBS00,F043,D03_BC15,D03_BC14,,QULA3,Quercus,laurifolia,deciduous,laurel oak,,,,,,,,,5.3,-2,-0.1,-2,41,216.9,5.7,4.3,-1.8,3.8,-1.9,,,OSBS_003,BC15; BC14,1.27,24,24,0.3237,0.0135,30.40244875,1.2668,0.0106,,,,,,,
D314_F044,OSBS,OSBS_003,OSBS00,F044,D03_BC15,D03_BC14,,QUGE2,Quercus,geminata,deciduous,sand live oak,,,,,,,,,6.7,-2.2,3.4,-2.2,41,75.7,6.3,4.6,-1.9,4.7,-2,,,OSBS_003,BC15; BC14,1.27,17,17,0.3221,0.0189,21.53506786,1.2668,0.015,,,,,,,
D314_F045,OSBS,OSBS_003,OSBS00,F045,D03_BC15,D03_BC14,,QUNI,Quercus,nigra,deciduous,water oak,,,,,,,,,7.1,-2.3,1.7,-1.3,41,68.1,6.1,3.7,-1.8,2.5,-1.3,,,OSBS_003,BC15; BC14,1.27,16,16,0.2412,0.0151,20.26829916,1.2668,0.0119,,,,,,,
D314_F046,OSBS,OSBS_003,OSBS00,F046,D03_BC15,D03_BC14,,QULA3,Quercus,laurifolia,deciduous,laurel oak,,,,,,,,,1,-1.7,-0.7,-1.4,41,297,5.1,0.4,-1.3,0.8,-1.3,,,OSBS_003,BC15; BC14,,10,10,0.4292,0.0429,44.26697,4.4267,0.0097,,20140170.08,-3.071516,-29.1192245,1.5813551,48.9560782,
D314_F047,OSBS,OSBS_003,OSBS00,F047,D03_BC15,D03_BC14,,QUGE2,Quercus,geminata,deciduous,sand live oak,,,,,,,,,0.6,-1.7,-0.4,-1.7,41,359.3,5,0.7,-1.4,0.5,-1.4,,,OSBS_003,BC15; BC14,1.27,16,16,0.3119,0.0195,20.26829916,1.2668,0.0154,,20140170.08,-1.601222,-29.4410194,1.5155637,49.8434564,
D314_F048,OSBS,OSBS_003,OSBS00,F048,D03_BC15,D03_BC14,,PIPA2,Pinus,palustris,coniferous,longleaf pine,,,,,,,,,20,-2.8,6.3,-2.7,33,270.2,6.3,8.4,-1.7,8.3,-1.7,,,OSBS_003,BC15; BC14,,18,18,1.3923,0.0774,48.93619,2.7187,0.0285,,20140170.08,-2.59142,-27.0661926,0.8489979,50.6853696,
D314_F049,OSBS,OSBS_003,OSBS00,F049,D03_BC15,D03_BC14,,PIPA2,Pinus,palustris,coniferous,longleaf pine,,,,,,,,,17.6,-2.3,7.8,-1.9,41,138.7,5.1,7.1,-1.7,7.8,-1.9,,,OSBS_003,BC15; BC14,,18,18,1.0649,0.0592,38.36906,2.1316,0.0278,,,,,,,
D314_F050,OSBS,OSBS_003,OSBS00,F050,D03_BC15,D03_BC14,,PIPA2,Pinus,palustris,coniferous,longleaf pine,,,,,,,,could only reach one sunlit branch,18.9,-1.5,9.2,-1.6,41,302.2,4.3,8.9,-2.1,,,,,OSBS_003,BC15; BC14,,18,18,0.9685,0.0538,35.79862,1.9888,0.0271,,,,,,,
D314_F051,OSBS,OSBS_003,OSBS00,F051,D03_BC15,D03_BC14,,QUGE2,Quercus,geminata,deciduous,sand live oak,,,,,,,,,5.3,-1.7,1.3,-1.7,41,82.6,5.7,3.7,-1.5,3.6,-1.4,,,OSBS_003,BC15; BC14,1.27,16,16,0.3017,0.0189,20.26829916,1.2668,0.0149,,,,,,,
D314_F052,OSBS,OSBS_003,OSBS00,F052,D03_BC15,D03_BC14,,QUNI,Quercus,nigra,deciduous,water oak,,,,,,,,,6.5,-1.3,0.9,-1.3,31,52.9,8.2,5,-1.7,2.5,-1.7,,,OSBS_003,BC15; BC14,1.27,18,18,0.2542,0.0141,22.80183656,1.2668,0.0111,,,,,,,
D314_F053,OSBS,OSBS_003,OSBS00,F053,D03_BC15,D03_BC14,,QUNI,Quercus,nigra,deciduous,water oak,,,,,,,,,8.5,-2.5,-0.5,-2.3,31,11.8,4.1,4.8,-1.9,4.4,-1.8,,,OSBS_003,BC15; BC14,1.27,16,16,0.2074,0.013,20.26829916,1.2668,0.0102,,,,,,,
D314_F103,OSBS,OSBS_004,OSBS00,F103,D03_BC15,D03_BC14,,PIPA2,Pinus,palustris,coniferous,longleaf pine,,,,,,,,,15.9,-2,6.9,-1.7,41,39.5,13.1,8.1,-1.7,7.2,-1.7,,,OSBS_004,BC15; BC14,,18,18,0.9535,0.053,36.38383,2.0213,0.0262,,,,,,,
D314_F104,OSBS,OSBS_004,OSBS00,F104,D03_BC15,D03_BC14,,PIPA2,Pinus,palustris,coniferous,longleaf pine,,,,,,,,,12,-1.5,6.3,-1.5,41,39.7,5.8,6.4,-1.4,7.5,-1.4,,,OSBS_004,BC15; BC14,,19,19,0.5423,0.0285,29.05433,1.5292,0.0187,,,,,,,
D314_F105,OSBS,OSBS_004,OSBS00,F105,D03_BC15,D03_BC14,,PIPA2,Pinus,palustris,coniferous,longleaf pine,,,,,,,,,15.3,-0.9,6.3,-0.9,41,280.5,3.3,7.8,-1.4,8.2,-1.5,,,OSBS_004,BC15; BC14,,17,17,1.3924,0.0819,51.67064,3.0394,0.0269,,20140170.1,-2.4623942,-28.7123349,0.8865781,50.1079355,
D314_F106,OSBS,OSBS_004,OSBS00,F106,D03_BC15,D03_BC14,,PIPA2,Pinus,palustris,coniferous,longleaf pine,,,,,,,,,13.5,-1.6,4.7,-1.8,41,142.4,3.7,7.9,-1.5,7,-1.8,,,OSBS_004,BC15; BC14,,20,20,0.7605,0.038,36.68497,1.8342,0.0207,,,,,,,
D314_F107,OSBS,OSBS_004,OSBS00,F107,D03_BC15,D03_BC14,,PIPA2,Pinus,palustris,coniferous,longleaf pine,,,,,,,,,14.3,-1.6,6.1,-1.6,41,146.6,7.8,6.8,-1.6,6.9,-1.6,,,OSBS_004,BC15; BC14,,20,20,0.8192,0.041,41.61795,2.0809,0.0197,,,,,,,
D314_F108,OSBS,OSBS_004,OSBS00,F108,D03_BC15,D03_BC14,,QUGE2,Quercus,geminata,deciduous,sand live oak,,,,,,,,tree badly burnt collected leaves off resprouts on main stem,5.7,-1.5,1.3,-1.5,41,131.7,10.1,4.7,-1.5,3.8,-1.7,,,OSBS_004,BC15; BC14,,16,16,0.8046,0.0503,63.77019,3.9856,0.0126,,,,,,,
D314_F109,OSBS,OSBS_004,OSBS00,F109,D03_BC15,D03_BC14,,QUGE2,Quercus,geminata,deciduous,sand live oak,,,,,,,,tree badly burnt collected leaves off resprouts on main stem,7,-1,4.6,-1.4,41,219.1,12.9,4.6,-1.6,4.2,-1.6,,,OSBS_004,BC15; BC14,,16,16,1.1028,0.0689,49.01822,3.0636,0.0225,,20140170.1,-2.6674352,-31.5468687,1.2167188,49.5617792,
D314_F110,OSBS,OSBS_004,OSBS00,F110,D03_BC15,D03_BC14,,QUGE2,Quercus,geminata,deciduous,sand live oak,,,,,,,,tree badly burnt collected leaves off resprouts on main stem,2.8,-1.8,-0.2,-1.9,41,3.6,6.8,2.6,-1.8,0.7,-1.6,,,OSBS_004,BC15; BC14,,12,12,0.7002,0.0584,51.67895,4.3066,0.0135,,,,,,,
D314_F001,OSBS,OSBS_005,OSBS00,F001,D03_BC15,D03_BC14,,MOCE2,Morella,cerifera,deciduous,wax myrtle,,,,,,,,partially covered by tall pine canopy,,,,,31,3.6,1.4,1.6,-1.5,2.1,-1.4,,,OSBS_005,BC15; BC14,1.27,16,16,0.1715,0.0107,20.26829916,1.2668,0.0085,,20140170.07,0.4299352,-30.684995,1.6091569,48.9606287,
D314_F002,OSBS,OSBS_005,OSBS00,F002,D03_BC15,D03_BC14,,MOCE2,Morella,cerifera,deciduous,wax myrtle,,,,,,,,partially covered by tall pine canopy,,,,,41,120.8,3.9,3.3,-1.4,5.7,-1.3,,,OSBS_005,BC15; BC14,1.27,16,16,0.186,0.0116,20.26829916,1.2668,0.0092,,,,,,,
D314_F003,OSBS,OSBS_005,OSBS00,F003,D03_BC15,D03_BC14,,MOCE2,Morella,cerifera,deciduous,wax myrtle,,,,,,,,partially covered by tall pine canopy,,,,,33,352.5,8.9,3.7,-1.5,2.7,-1.4,,,OSBS_005,BC15; BC14,1.27,16,16,0.1745,0.0109,20.26829916,1.2668,0.0086,,,,,,,
D314_F004,OSBS,OSBS_005,OSBS00,F004,D03_BC15,D03_BC14,,PIEL,Pinus,elliottii,coniferous,slash pine,,,,,,,,sapling couldn't reach mature pines,3.2,0,,,49,174,5.7,1.6,-1.5,1.6,-1.4,,,OSBS_005,BC15; BC14,,18,18,0.3411,0.019,23.77563,1.3209,0.0143,,,,,,,
D314_F005,OSBS,OSBS_005,OSBS00,F005,D03_BC15,D03_BC14,,PIEL,Pinus,elliottii,coniferous,slash pine,,,,,,,,sapling couldn't reach mature pines,3.9,0,,,49,160.9,8.4,2.3,-1.4,2.1,-1.5,,,OSBS_005,BC15; BC14,,22,22,0.2604,0.0118,18.99469,0.8634,0.0137,,20140170.07,1.5309252,-30.790565,1.7552078,48.5194274,
D314_F006,OSBS,OSBS_005,OSBS00,F006,D03_BC15,D03_BC14,,PIEL,Pinus,elliottii,coniferous,slash pine,,,,,,,,sapling couldn't reach mature pines,5.2,0,,,51,237.7,12.8,2.2,-1.5,1.8,-1.5,,,OSBS_005,BC15; BC14,,19,19,0.3212,0.0169,21.7774,1.1462,0.0147,,,,,,,
D314_F007,OSBS,OSBS_005,OSBS00,F007,D03_BC15,D03_BC14,,PIEL,Pinus,elliottii,coniferous,slash pine,,,,,,,,sapling couldn't reach mature pines,8.7,0,,,51,200.5,6.2,3,-1.5,3.3,-1.5,,,OSBS_005,BC15; BC14,,19,19,0.377,0.0198,24.96898,1.3142,0.0151,,,,,,,
D314_F123,OSBS,OSBS_006,OSBS00,F123,D03_BC15,D03_BC14,,QULA2,Quercus,laevis,deciduous,turkey oak,,,,,,,,>1 individual copice/cluster of regen,0.8,0,0.4,0,41,281.6,9.9,,,,,0.8,0.5,OSBS_006,BC15; BC14,1.905,16,16,0.5394,0.0337,45.60367312,2.8502,0.0118,,20140170.1,-2.3783774,-30.4631339,1.4469124,50.4724045,
D314_F124,OSBS,OSBS_006,OSBS00,F124,D03_BC15,D03_BC14,,QULA2,Quercus,laevis,deciduous,turkey oak,,,,,,,,>1 individual copice/cluster of regen,1.1,0,0.4,0,41,54.6,5.4,,,,,1.1,0.6,OSBS_006,BC15; BC14,1.905,17,17,0.5965,0.0351,48.45390269,2.8502,0.0123,,,,,,,
D314_F125,OSBS,OSBS_006,OSBS00,F125,D03_BC15,D03_BC14,,QULA2,Pinus,palustris,coniferous,longleaf pine,,,,,,,,>1 individual copice/cluster of regen,0.9,0,0.4,0,41,90,9.1,,,,,0.9,0.5,OSBS_006,BC15; BC14,,18,18,1.286,0.0714,47.95187,2.664,0.0268,,,,,,,
D314_F126,OSBS,OSBS_006,OSBS00,F126,D03_BC15,D03_BC14,,PIPA2,Pinus,palustris,coniferous,longleaf pine,,,,,,,,,16.2,-2.2,8.1,-2.2,41,225.8,2.5,8.5,-1.5,8.2,-1.6,,,OSBS_006,BC15; BC14,,17,17,1.2974,0.0763,43.9408,2.5848,0.0295,,,,,,,
D314_F127,OSBS,OSBS_006,OSBS00,F127,D03_BC15,D03_BC14,,PIPA2,Pinus,palustris,coniferous,longleaf pine,,,,,,,,,16.8,-1.9,7,-1.9,41,213.7,8.2,7.3,-1.5,8.8,-1.5,,,OSBS_006,BC15; BC14,,16,16,1.1059,0.0691,41.09826,2.5686,0.0269,,20140170.1,-3.316565,-29.4214574,0.7119624,50.106878,
D314_F128,OSBS,OSBS_006,OSBS00,F128,D03_BC15,D03_BC14,,PIPA2,Pinus,palustris,coniferous,longleaf pine,,,,,,,,,16.3,-2.1,6,-2.1,41,169.2,6.8,7.5,-1.7,7,-1.6,,,OSBS_006,BC15; BC14,,18,18,1.1427,0.0635,42.85371,2.3808,0.0267,,,,,,,
D314_F129,OSBS,OSBS_006,OSBS00,F129,D03_BC15,D03_BC14,,PIPA2,Pinus,palustris,coniferous,longleaf pine,,,,,,,,,12,-1.9,6.5,-1.9,41,129.8,9.6,7.9,-1.6,6.9,-1.6,,,OSBS_006,BC15; BC14,,18,18,1.2304,0.0684,52.84495,2.9358,0.0233,,,,,,,
D314_F130,OSBS,OSBS_006,OSBS00,F130,D03_BC15,D03_BC14,,PIPA2,Acer,rubrum,deciduous,red maple,,,,,,,,could only reach one sunlit branch,17.2,-1.9,8.2,-1.8,41,14.2,7.5,7.9,-1.6,,,,,OSBS_009,BC15; BC14,1.905,21,21,0.3521,0.0168,59.85482097,2.8502,0.0059,,,,,,,
D314_F079,OSBS,OSBS_007,OSBS00,F079,D03_BC15,D03_BC14,,PIPA2,Pinus,palustris,coniferous,longleaf pine,,,,,,,,,14.8,-0.9,8.5,-1.1,41,214.7,12.1,8.2,-1.6,8.4,-1.6,,,OSBS_007,BC15; BC14,,16,16,1.305,0.0816,53.07836,3.3174,0.0246,,20140170.09,-1.8242666,-29.2493118,0.7412465,49.9755341,
D314_F080,OSBS,OSBS_007,OSBS00,F080,D03_BC15,D03_BC14,,PIPA2,Pinus,palustris,coniferous,longleaf pine,,,,,,,,only one sample: not enough branchlets,9.9,-1.3,7.7,-1.3,41,85.4,5.6,8.1,-1.5,,,,,OSBS_007,BC15; BC14,,13,13,0.8065,0.062,36.17571,2.7827,0.0223,,,,,,,
D314_F081,OSBS,OSBS_007,OSBS00,F081,D03_BC15,D03_BC14,,PIPA2,Pinus,palustris,coniferous,longleaf pine,,,,,,,,only one sample: not enough branchlets,11.7,-0.9,8.4,-0.9,41,75.7,7.3,8,-1.4,,,,,OSBS_007,BC15; BC14,,18,18,0.7484,0.0416,32.28041,1.7934,0.0232,,,,,,,
D314_F082,OSBS,OSBS_007,OSBS00,F082,D03_BC15,D03_BC14,,QULA2,Quercus,laevis,deciduous,turkey oak,,,,,,,,,9.2,-1.7,1.5,-1.7,41,315.4,8.4,8.9,-1.9,7.9,-1.4,,,OSBS_007,BC15; BC14,1.905,17,17,0.5931,0.0349,48.45390269,2.8502,0.0122,,,,,,,
D314_F083,OSBS,OSBS_007,OSBS00,F083,D03_BC15,D03_BC14,,QULA2,Quercus,laevis,deciduous,turkey oak,,,,,,,,,9.3,-1.6,0.2,-1.8,41,298.5,11.8,7.5,-1.5,7.7,-1.5,,,OSBS_007,BC15; BC14,1.905,18,18,0.6176,0.0343,51.30413226,2.8502,0.012,,,,,,,
D314_F084,OSBS,OSBS_007,OSBS00,F084,D03_BC15,D03_BC14,,QULA2,Quercus,laevis,deciduous,turkey oak,,,,,,,,,10.6,-1.8,2,-1.9,41,297.3,9.8,8,-1.4,7.7,-1.4,,,OSBS_007,BC15; BC14,1.27,19,19,0.3068,0.0161,24.06860526,1.2668,0.0127,,20140170.09,-1.7622542,-30.4083603,1.3913739,50.462121,
D314_F085,OSBS,OSBS_007,OSBS00,F085,D03_BC15,D03_BC14,,QUGE2,Quercus,geminata,deciduous,sand live oak,,,,,,,,,14.4,-0.3,7.7,-0.3,41,203.8,7.3,7.3,-1.2,6.6,-1.2,,,OSBS_007,BC15; BC14,,11,11,1.018,0.0925,54.28162,4.9347,0.0188,,,,,,,
D314_F086,OSBS,OSBS_007,OSBS00,F086,D03_BC15,D03_BC14,,QUGE2,Quercus,geminata,deciduous,sand live oak,,,,,,,,,11.6,-0.5,6.2,-0.5,41,165,3.5,7.6,-1.3,8.7,-1.1,,,OSBS_007,BC15; BC14,,13,13,1.0463,0.0805,63.83695,4.9105,0.0164,,20140170.09,-1.3041626,-30.7330895,1.3281691,49.3609639,
D314_F087,OSBS,OSBS_007,OSBS00,F087,D03_BC15,D03_BC14,,QUGE2,Quercus,geminata,deciduous,sand live oak,,,,,,,,,12.2,-0.4,6.4,-0.4,41,344.4,4.6,8.4,-1.3,7.7,-1.5,,,OSBS_007,BC15; BC14,,15,15,0.8928,0.0595,44.78158,2.9854,0.0199,,,,,,,
D314_F032,OSBS,OSBS_008,OSBS00,F032,D03_BC15,D03_BC14,,PIPA2,Pinus,palustris,coniferous,longleaf pine,,,,,,,,,7.8,-1.8,3.7,-1.8,41,276.4,3.8,5.3,-1.8,6.1,-1.7,,,OSBS_008,BC15; BC14,,18,18,1.1647,0.0647,46.8364,2.602,0.0249,,20140170.08,-3.3829332,-29.100703,0.6706812,49.369795,
D314_F033,OSBS,OSBS_008,OSBS00,F033,D03_BC15,D03_BC14,,PIPA2,Pinus,palustris,coniferous,longleaf pine,,,,,,,,,13.3,-2.1,4,-2.1,41,306.3,7.7,8.5,-1.6,8.4,-1.5,,,OSBS_008,BC15; BC14,,15,15,0.9369,0.0625,37.8967,2.5264,0.0247,,,,,,,
D314_F034,OSBS,OSBS_008,OSBS00,F034,D03_BC15,D03_BC14,,PIPA2,Pinus,palustris,coniferous,longleaf pine,,,,,,,,Most needles brown/singed by recent burn,9.3,-1.8,4.3,-1.8,41,40.2,8.2,6.7,-1.6,6.8,-1.6,,,OSBS_008,BC15; BC14,,15,15,0.6622,0.0441,32.5119,2.1675,0.0204,,,,,,,
D314_F035,OSBS,OSBS_008,OSBS00,F035,D03_BC15,D03_BC14,,PIPA2,Pinus,palustris,coniferous,longleaf pine,,,,,,,,tips of some needles singed by burn,9.3,-1.5,4.4,-1.5,41,80,7.1,6.7,-1.5,6.9,-1.5,,,OSBS_008,BC15; BC14,,18,18,1.3973,0.0776,52.32619,2.907,0.0267,,,,,,,
D314_F036,OSBS,OSBS_008,OSBS00,F036,D03_BC15,D03_BC14,,PIPA2,Pinus,palustris,coniferous,longleaf pine,,,,,,,,,9,-1.4,3.3,-1.4,41,118.1,9.5,6.7,-1.5,5.7,-1.6,,,OSBS_008,BC15; BC14,,18,18,1.051,0.0584,43.02185,2.3901,0.0244,,,,,,,
D314_F131,OSBS,OSBS_009,OSBS00,F131,D03_BC15,D03_BC14,,ACRU,Acer,rubrum,deciduous,red maple,,,,,,,,big tree trunk snapped at ~11m,13,-2.7,1.9,-2.7,41,189.6,2.2,5.3,-1.4,3.8,-1.5,,,OSBS_009,BC15; BC14,1.905,23,23,0.347,0.0151,65.55528011,2.8502,0.0053,,20140170.1,2.5806142,-31.8119338,2.0321382,48.2804116,
D314_F132,OSBS,OSBS_009,OSBS00,F132,D03_BC15,D03_BC14,,ACRU,Acer,rubrum,deciduous,red maple,,,,,,,,could only reach one branch. trunk snapped remaining upper canopy covered with grapes.,5.7,-1.8,1.5,-1.8,41,216.9,8.4,2.1,-1.5,,,,,OSBS_009,BC15; BC14,1.905,20,20,0.1984,0.0099,57.0045914,2.8502,0.0035,,,,,,,
D314_F133,OSBS,OSBS_009,OSBS00,F133,D03_BC15,D03_BC14,,ACRU,Vitis,rotundifolia,deciduous,muscadine,,,,,,,,top snapped harvested regen sprouting from main stem. Forgot to map,2.7,-2.7,0.5,-2.7,,,,,,,,2.7,2.2,OSBS_009,BC15; BC14,1.905,20,20,0.3204,0.016,57.0045914,2.8502,0.0056,,,,,,,
D314_F134,OSBS,OSBS_009,OSBS00,F134,D03_BC15,D03_BC14,,VIRO3,Vitis,rotundifolia,deciduous,muscadine,,,,,,,,growing over Persea palustris,3.2,0,1.6,0,41,300.8,6.6,,,,,3,1.8,OSBS_009,BC15; BC14,1.905,20,20,0.3108,0.0155,57.0045914,2.8502,0.0055,,,,,,,
D314_F135,OSBS,OSBS_009,OSBS00,F135,D03_BC15,D03_BC14,,VIRO3,Vitis,rotundifolia,deciduous,muscadine,,,,,,,,essentially ground cover sprawling over fallen logs,1,0,0.2,0,41,21,4,,,,,0.8,0.6,OSBS_009,BC15; BC14,1.905,18,18,0.2639,0.0147,51.30413226,2.8502,0.0051,,20140170.11,0.6732328,-30.6763597,2.1835958,47.2569891,
D314_F136,OSBS,OSBS_009,OSBS00,F136,D03_BC15,D03_BC14,,VIRO3,Quercus,nigra,deciduous,water oak,,,,,,,,essentially ground cover sprawling over fallen logs,1,0,0.2,0,41,97.4,7.4,,,,,2,1.5,OSBS_001,BC15; BC14,1.27,15,15,0.316,0.0211,19.00153047,1.2668,0.0166,,,,,,,
D314_F054,OSBS,OSBS_010,OSBS00,F054,D03_BC15,D03_BC14,,QULA3,Quercus,laurifolia,deciduous,laurel oak,,,,,,,,,9,-1.1,5.3,-1.1,41,352.5,3.5,6.8,-1.5,6.2,-1.5,,,OSBS_010,BC15; BC14,1.27,16,16,0.2342,0.0146,20.26829916,1.2668,0.0116,,,,,,,
D314_F055,OSBS,OSBS_010,OSBS00,F055,D03_BC15,D03_BC14,,QULA3,Quercus,laurifolia,deciduous,laurel oak,,,,,,,,,10.3,-1.3,2,1.4,31,39.8,4.7,5,-1.7,6.3,-1.6,,,OSBS_010,BC15; BC14,1.27,17,17,0.2484,0.0146,21.53506786,1.2668,0.0115,,,,,,,
D314_F056,OSBS,OSBS_010,OSBS00,F056,D03_BC15,D03_BC14,,QULA3,Quercus,laurifolia,deciduous,laurel oak,,,,,,,,,7.2,-1.6,3.6,-1.6,41,304.1,1.7,6,-1.5,5,-1.5,,,OSBS_010,BC15; BC14,1.27,19,19,0.2507,0.0132,24.06860526,1.2668,0.0104,,,,,,,
D314_F057,OSBS,OSBS_010,OSBS00,F057,D03_BC15,D03_BC14,,QULA3,Quercus,laurifolia,deciduous,laurel oak,,,,,,,,,6,-1.9,3.4,-1.7,41,311.1,4.6,5.5,-1.6,5.6,-1.6,,,OSBS_010,BC15; BC14,1.27,16,16,0.264,0.0165,20.26829916,1.2668,0.013,,20140170.08,-2.4693956,-29.3696181,1.532048,50.0846618,
D314_F058,OSBS,OSBS_010,OSBS00,F058,D03_BC15,D03_BC14,,QULA3,Quercus,laurifolia,deciduous,laurel oak,,,,,,,,,6.4,-1.8,2.8,-1.8,41,13.5,5.8,5.5,-1.6,5.3,-1.6,,,OSBS_010,BC15; BC14,1.27,18,18,0.2382,0.0132,22.80183656,1.2668,0.0104,,,,,,,
D314_F066,OSBS,OSBS_011,OSBS00,F066,D03_BC15,D03_BC14,,SERE2,Serenoa,repens,deciduous,saw palmetto,,,,,,,,,1.5,0,0.7,0,41,308,2.8,,,,,1.4,1,OSBS_011,BC15; BC14,1.905,15,15,0.6261,0.0417,42.75344355,2.8502,0.0146,,,,,,,
D314_F067,OSBS,OSBS_011,OSBS00,F067,D03_BC15,D03_BC14,,SERE2,Serenoa,repens,deciduous,saw palmetto,,,,,,,,,2,0,0.8,0,41,138.4,2.1,,,,,1.9,1.2,OSBS_011,BC15; BC14,1.905,18,18,0.7994,0.0444,51.30413226,2.8502,0.0156,,20140170.08,-0.8640746,-30.8015565,1.2482186,49.0629419,
D314_F068,OSBS,OSBS_011,OSBS00,F068,D03_BC15,D03_BC14,,SERE2,Serenoa,repens,deciduous,saw palmetto,,,,,,,,,1.6,0,0.7,0,41,142.2,10.5,,,,,0.9,1.6,OSBS_011,BC15; BC14,1.905,18,18,0.6737,0.0374,51.30413226,2.8502,0.0131,,,,,,,
D314_F069,OSBS,OSBS_011,OSBS00,F069,D03_BC15,D03_BC14,,QULA3,Quercus,laurifolia,deciduous,laurel oak,,,,,,,,,3.5,-1.7,1.5,-1.7,41,116.2,10,2.6,-1.5,2.9,-1.6,,,OSBS_011,BC15; BC14,1.27,18,18,0.248,0.0138,22.80183656,1.2668,0.0109,,,,,,,
D314_F070,OSBS,OSBS_011,OSBS00,F070,D03_BC15,D03_BC14,,QULA3,Quercus,laurifolia,deciduous,laurel oak,,,,,,,,,1.9,-1.6,-0.1,-1.6,41,30.4,1.3,1.5,-1.6,1,-1.4,,,OSBS_011,BC15; BC14,1.27,16,16,0.2035,0.0127,20.26829916,1.2668,0.01,,,,,,,
D314_F071,OSBS,OSBS_011,OSBS00,F071,D03_BC15,D03_BC14,,QULA3,Quercus,laurifolia,deciduous,laurel oak,,,,,,,,partially covered by tall pine canopy,2.7,-1.6,-0.6,-1.6,41,58.3,7,2.3,-1.6,1.1,-1.5,,,OSBS_011,BC15; BC14,1.27,17,17,0.194,0.0114,21.53506786,1.2668,0.009,,,,,,,
D314_F072,OSBS,OSBS_011,OSBS00,F072,D03_BC15,D03_BC14,,ILGL,Ilex,glabra,deciduous,inkberry,,,,,,,,>1 individual,,,,,41,135.7,12.8,,,,,2.3,1.2,OSBS_011,BC15; BC14,1.27,16,16,0.2123,0.0133,20.26829916,1.2668,0.0105,,,,,,,
D314_F073,OSBS,OSBS_011,OSBS00,F073,D03_BC15,D03_BC14,,ILGL,Ilex,glabra,deciduous,inkberry,,,,,,,,>1 individual,,,,,41,33,7.9,,,,,1.2,0.4,OSBS_011,BC15; BC14,1.27,16,16,0.2065,0.0129,20.26829916,1.2668,0.0102,,20140170.09,-2.1253268,-29.1818229,1.0378258,52.0760569,REPLICATED; values here for first run only
D314_F074,OSBS,OSBS_011,OSBS00,F074,D03_BC15,D03_BC14,,ILGL,Ilex,glabra,deciduous,inkberry,,,,,,,,>1 individual,,,,,41,124.9,5.2,,,,,1.8,0.6,OSBS_011,BC15; BC14,1.27,19,19,0.2219,0.0117,24.06860526,1.2668,0.0092,,,,,,,
D314_F075,OSBS,OSBS_011,OSBS00,F075,D03_BC15,D03_BC14,,LYLU3,Lyonia,lucida,deciduous,fetterbush lyonia,,,,,,,,>1 individual,,,,,41,110.3,6.8,,,,,0.7,0.3,OSBS_011,BC15; BC14,1.905,18,18,0.5247,0.0292,51.30413226,2.8502,0.0102,,,,,,,
D314_F076,OSBS,OSBS_011,OSBS00,F076,D03_BC15,D03_BC14,,LYLU3,Lyonia,lucida,deciduous,fetterbush lyonia,,,,,,,,>1 individual,,,,,41,63.5,4.6,,,,,0.8,0.3,OSBS_011,BC15; BC14,1.905,16,16,0.3936,0.0246,45.60367312,2.8502,0.0086,,20140170.09,-2.7094436,-29.9075731,1.0366276,51.6035357,
D314_F077,OSBS,OSBS_011,OSBS00,F077,D03_BC15,D03_BC14,,LYLU3,Lyonia,lucida,deciduous,fetterbush lyonia,,,,,,,,>1 individual,,,,,41,122,9.4,,,,,1.2,0.8,OSBS_011,BC15; BC14,1.905,17,17,0.5446,0.032,48.45390269,2.8502,0.0112,,,,,,,
D314_F078,OSBS,OSBS_011,OSBS00,F078,D03_BC15,D03_BC14,,QUGE2,Quercus,geminata,deciduous,sand live oak,,,,,,,,,12.5,-1.6,2.6,-1.6,41,220.1,7.5,5.2,-1.5,4.1,-1.5,,,OSBS_011,BC15; BC14,1.27,15,15,0.2922,0.0195,19.00153047,1.2668,0.0154,,,,,,,
D314_F116,OSBS,OSBS_013,OSBS00,F116,D03_BC15,D03_BC14,,QULA2,Quercus,laevis,deciduous,turkey oak,,,,,,,,,11,1.8,6.1,-1.9,41,320.1,5.9,7.5,-2,8.7,-2,,,OSBS_013,BC15; BC14,1.905,16,16,0.5502,0.0344,45.60367312,2.8502,0.0121,,,,,,,
D314_F117,OSBS,OSBS_013,OSBS00,F117,D03_BC15,D03_BC14,,QULA2,Quercus,laevis,deciduous,turkey oak,,,,,,,,,11.9,-2.1,6.5,-1.7,41,329.2,8.6,8.9,-1.8,6.8,-1.6,,,OSBS_013,BC15; BC14,1.905,21,21,0.7929,0.0378,59.85482097,2.8502,0.0132,,20140170.1,-0.9580934,-31.2974532,1.600007,49.4698471,
D314_F118,OSBS,OSBS_013,OSBS00,F118,D03_BC15,D03_BC14,,PIPA2,Pinus,palustris,coniferous,longleaf pine,,,,,,,,,14.4,-1.9,7.3,-1.9,41,276,6.2,8,-1.6,8.3,-1.6,,,OSBS_013,BC15; BC14,,21,21,0.8088,0.0385,39.56816,1.8842,0.0204,,,,,,,
D314_F119,OSBS,OSBS_013,OSBS00,F119,D03_BC15,D03_BC14,,PIPA2,Pinus,palustris,coniferous,longleaf pine,,,,,,,,,12.3,2,6.7,-2,41,2.3,5.6,7.1,-1.7,6.9,-1.6,,,OSBS_013,BC15; BC14,,21,21,0.8369,0.0399,36.02048,1.7153,0.0232,,,,,,,
D314_F120,OSBS,OSBS_013,OSBS00,F120,D03_BC15,D03_BC14,,PIPA2,Pinus,palustris,coniferous,longleaf pine,,,,,,,,,14,-1.9,7.9,-1.9,41,101.3,3.7,8.4,-1.7,8.8,-1.4,,,OSBS_013,BC15; BC14,,20,20,0.9858,0.0493,46.43302,2.3217,0.0212,,20140170.1,-2.3033624,-29.9339818,1.0506889,49.1476794,
D314_F121,OSBS,OSBS_013,OSBS00,F121,D03_BC15,D03_BC14,,PIPA2,Pinus,palustris,coniferous,longleaf pine,,,,,,,,,14.4,-1.9,6.6,-1.8,41,269.9,2.6,7.6,-1.6,7.1,-1.6,,,OSBS_013,BC15; BC14,,19,19,0.8217,0.0432,40.87847,2.1515,0.0201,,,,,,,
D314_F122,OSBS,OSBS_013,OSBS00,F122,D03_BC15,D03_BC14,,PIPA2,Quercus,laevis,deciduous,turkey oak,,,,,,,,Messed up original numbering (used to be duplicate of F121),14.6,-1.2,7.9,-1.2,41,228.3,10.7,8.5,-1.5,7.6,-1.7,,,OSBS_006,BC15; BC14,1.905,17,17,0.5738,0.0338,48.45390269,2.8502,0.0118,,,,,,,
D314_F088,OSBS,OSBS_015,OSBS00,F088,D03_BC15,D03_BC14,,DIVI5,Diospyros,virginiana,deciduous,common persimmon,,,,,,,,did not map,2.6,0,1.3,0,,,,1.4,0,2.3,0,,,OSBS_015,BC15; BC14,1.905,15,15,0.3382,0.0225,42.75344355,2.8502,0.0079,,,,,,,
D314_F089,OSBS,OSBS_015,OSBS00,F089,D03_BC15,D03_BC14,,DIVI5,Diospyros,virginiana,deciduous,common persimmon,,,,,,,,did not map,1.6,-1.4,1.3,-1.4,,,,1.6,-1.4,1.3,-1.4,,,OSBS_015,BC15; BC14,1.905,17,17,0.4359,0.0256,48.45390269,2.8502,0.009,,,,,,,
D314_F090,OSBS,OSBS_015,OSBS00,F090,D03_BC15,D03_BC14,,DIVI5,Diospyros,virginiana,deciduous,common persimmon,,,,,,,,did not map,8.1,-1.3,-0.4,-1.3,,,,4.9,-1.3,4,-1.3,,,OSBS_015,BC15; BC14,1.905,16,16,0.4941,0.0309,45.60367312,2.8502,0.0108,,,,,,,
D314_F091,OSBS,OSBS_015,OSBS00,F091,D03_BC15,D03_BC14,,VAAR,Vaccinium,arboreum,deciduous,farkleberry,,,,,,,,,1.4,0,0.8,0,33,350.5,4.4,1.6,0,2.4,0,,,OSBS_015,BC15; BC14,1.27,19,19,0.3088,0.0163,24.06860526,1.2668,0.0128,,,,,,,
D314_F092,OSBS,OSBS_015,OSBS00,F092,D03_BC15,D03_BC14,,VAAR,Vaccinium,arboreum,deciduous,farkleberry,,,,,,,,,2.5,0,1.2,0,33,329.6,5.1,1.7,0,2.6,0,,,OSBS_015,BC15; BC14,,14,14,0.5868,0.0419,48.72283,3.4802,0.012,,20140170.09,1.2903562,-30.5286666,1.4411475,50.9406173,
D314_F093,OSBS,OSBS_015,OSBS00,F093,D03_BC15,D03_BC14,,VAAR,Vaccinium,arboreum,deciduous,farkleberry,,,,,,,,,2.8,0,1.1,0,33,331.4,9,1.5,0,2.2,0,,,OSBS_015,BC15; BC14,,10,10,0.5354,0.0535,51.23103,5.1231,0.0105,,,,,,,
D314_F094,OSBS,OSBS_015,OSBS00,F094,D03_BC15,D03_BC14,,PEPE37,Persea,palustris,deciduous,swamp bay,,,,,,,,,1.9,0,0.6,0,31,82,0.7,1,0,1.7,0,,,OSBS_015,BC15; BC14,1.905,15,15,0.3714,0.0248,42.75344355,2.8502,0.0087,,,,,,,
D314_F095,OSBS,OSBS_015,OSBS00,F095,D03_BC15,D03_BC14,,PEPE37,Persea,palustris,deciduous,swamp bay,,,,,,,,,1.6,0,1.1,0,31,89.7,7.8,1.1,0,1.5,0,,,OSBS_015,BC15; BC14,1.905,17,17,0.4949,0.0291,48.45390269,2.8502,0.0102,,20140170.09,-3.2245466,-29.8166098,1.7812277,52.0201517,
D314_F096,OSBS,OSBS_015,OSBS00,F096,D03_BC15,D03_BC14,,PEPE37,Persea,palustris,deciduous,swamp bay,,,,,,,,,2.7,0,1,0,33,339,2.1,1.8,0,1.5,0,,,OSBS_015,BC15; BC14,1.905,18,18,0.4607,0.0256,51.30413226,2.8502,0.009,,,,,,,
D314_F097,OSBS,OSBS_015,OSBS00,F097,D03_BC15,D03_BC14,,VIRO3,Vitis,rotundifolia,deciduous,muscadine,,,,,,,,,2.9,0,1.4,0,31,29.9,3.5,2,0,2.4,0,,,OSBS_015,BC15; BC14,1.905,16,16,0.3707,0.0232,45.60367312,2.8502,0.0081,,,,,,,
D314_F098,OSBS,OSBS_015,OSBS00,F098,D03_BC15,D03_BC14,,VIRO3,Vitis,rotundifolia,deciduous,muscadine,,,,,,,,,1.7,0,0.6,0,31,69.6,5.3,1,0,1.5,0,,,OSBS_015,BC15; BC14,1.905,18,18,0.3731,0.0207,51.30413226,2.8502,0.0073,,,,,,,
D314_F099,OSBS,OSBS_015,OSBS00,F099,D03_BC15,D03_BC14,,VIRO3,Vitis,rotundifolia,deciduous,muscadine,,,,,,,,,3.7,-1.5,1.4,0,31,88.7,3.6,2,0,2.5,0,,,OSBS_015,BC15; BC14,1.905,18,18,0.3864,0.0215,51.30413226,2.8502,0.0075,,20140170.09,1.1413264,-28.2125258,2.0725662,48.7156436,
D314_F100,OSBS,OSBS_015,OSBS00,F100,D03_BC15,D03_BC14,,CEOC2,Cephalanthus,occidentalis,deciduous,common buttonbush,,,,,,,,,2.2,0,1.2,0,49,148.2,3.7,1.4,0,1.8,0,,,OSBS_015,BC15; BC14,1.905,16,16,0.4173,0.0261,45.60367312,2.8502,0.0092,,,,,,,
D314_F101,OSBS,OSBS_015,OSBS00,F101,D03_BC15,D03_BC14,,CEOC2,Cephalanthus,occidentalis,deciduous,common buttonbush,,,,,,,,,1.7,0,1,0,41,306.1,7.5,1,0,1.4,0,,,OSBS_015,BC15; BC14,1.905,18,18,0.3814,0.0212,51.30413226,2.8502,0.0074,,20140170.09,1.6264234,-27.4789508,2.3851691,51.7267917,
D314_F102,OSBS,OSBS_015,OSBS00,F102,D03_BC15,D03_BC14,,CEOC2,Cephalanthus,occidentalis,deciduous,common buttonbush,,,,,,,,,2,0,0.4,0,41,259.2,5.7,0.6,0,1.9,0,,,OSBS_015,BC15; BC14,1.905,22,22,0.5082,0.0231,62.70505054,2.8502,0.0081,,,,,,,
D314_F111,OSBS,OSBS_016,OSBS00,F111,D03_BC15,D03_BC14,,PITA,Pinus,taeda,coniferous,loblolly pine,,,,,,,,,16.2,-1.6,9.3,-1.2,41,245.8,10.1,9.1,-1.5,8.9,-1.1,,,OSBS_016,BC15; BC14,,20,20,0.3806,0.019,19.71714,0.9859,0.0193,,20140170.1,-1.0431104,-27.5630674,1.2443538,49.2478544,
D314_F112,OSBS,OSBS_016,OSBS00,F112,D03_BC15,D03_BC14,,PIEL,Pinus,elliottii,coniferous,slash pine,,,,,,,,,17.2,-1.2,9.6,-1.2,41,304.7,7.1,8.6,-1.4,9.4,-1.6,,,OSBS_016,BC15; BC14,,17,17,0.9738,0.0573,36.52906,2.1488,0.0267,,20140170.1,-2.326367,-28.6917948,1.295066,50.6702555,
D314_F113,OSBS,OSBS_016,OSBS00,F113,D03_BC15,D03_BC14,,QULA3,Quercus,laurifolia,deciduous,laurel oak,,,,,,,,,13.2,-1.4,4.8,-1.4,41,200.9,6.9,8.7,-1.2,9,-1.2,,,OSBS_016,BC15; BC14,1.27,31,31,0.4291,0.0138,39.26982963,1.2668,0.0109,,20140170.1,-1.861274,-28.5392112,1.9710298,50.0419484,
D314_F114,OSBS,OSBS_016,OSBS00,F114,D03_BC15,D03_BC14,,QULA3,Quercus,laurifolia,deciduous,laurel oak,,,,,,,,,10.2,-1.6,1.1,-1.6,41,164.8,5.1,5.9,-1.6,5.4,-1.7,,,OSBS_016,BC15; BC14,1.27,27,27,0.3952,0.0146,34.20275484,1.2668,0.0116,,,,,,,
D314_F115,OSBS,OSBS_016,OSBS00,F115,D03_BC15,D03_BC14,,QULA3,Quercus,laurifolia,deciduous,laurel oak,,,,,,,,,6.7,-1.6,2.5,-1.6,41,131.4,7.4,5.2,-1.5,5.4,-1.6,,,OSBS_016,BC15; BC14,1.27,26,26,0.3746,0.0144,32.93598614,1.2668,0.0114,,,,,,,
D314_F014,OSBS,OSBS_025,OSBS00,F014,D03_BC15,D03_BC14,587,PIPA2,Pinus,palustris,coniferous,longleaf pine,,,,,,,,,8.3,-1.8,1.4,-1.8,21,28.6,14,4.7,-1.8,4.9,-1.6,,,OSBS_025,BC15; BC14,,18,18,1.4344,0.0797,52.67686,2.9265,0.0272,,20140170.07,-3.021168,-28.6860075,0.6754988,49.3382987,
D314_F015,OSBS,OSBS_025,OSBS00,F015,D03_BC15,D03_BC14,594,PIPA2,Pinus,palustris,coniferous,longleaf pine,,,,,,,,,13.2,-1.7,2.9,-1.7,41,325.4,3.1,7.8,-1.7,5.9,-1.7,,,OSBS_025,BC15; BC14,,22,22,1.162,0.0528,43.48898,1.9768,0.0267,,,,,,,
D314_F016,OSBS,OSBS_025,OSBS00,F016,D03_BC15,D03_BC14,,PIPA2,Pinus,palustris,coniferous,longleaf pine,,,,,,,,,15.7,-1.3,5.1,-1.3,41,67.7,18.6,6.9,-1.6,7.2,-1.4,,,OSBS_025,BC15; BC14,,18,18,1.0725,0.0596,45.04238,2.5024,0.0238,,,,,,,
D314_F017,OSBS,OSBS_025,OSBS00,F017,D03_BC15,D03_BC14,,QULA2,Quercus,laevis,deciduous,turkey oak,,,,,,,,,8.1,-2.2,-0.5,-2.2,21,11.3,11,5.2,-1.8,4.7,-1.8,,,OSBS_025,BC15; BC14,1.905,17,17,0.6596,0.0388,48.45390269,2.8502,0.0136,,20140170.07,-2.9270834,-30.2656475,0.6901564,51.5935626,
D314_F018,OSBS,OSBS_025,OSBS00,F018,D03_BC15,D03_BC14,,QULA2,Quercus,laevis,deciduous,turkey oak,,,,,,,,,5.5,-1.6,-0.2,-1.6,25,293.6,12.1,4.5,-1.6,5,-1.6,,,OSBS_025,BC15; BC14,1.27,19,19,0.2859,0.015,24.06860526,1.2668,0.0119,,,,,,,
D314_F019,OSBS,OSBS_025,OSBS00,F019,D03_BC15,D03_BC14,,QULA2,Quercus,laevis,deciduous,turkey oak,,,,,,,,,7.3,-1.3,0.2,-1.3,41,46,9.3,5.4,-1.7,5.7,-1.6,,,OSBS_025,BC15; BC14,1.905,14,14,0.5028,0.0359,39.90321398,2.8502,0.0126,,,,,,,
D314_F026,OSBS,OSBS_026,OSBS00,F026,D03_BC15,D03_BC14,,PIPA2,Pinus,palustris,coniferous,longleaf pine,,,,,,,,,10.3,-2.1,2.9,-1.9,40,44.1,14,6.3,-1.9,6,-2,,,OSBS_026,BC15; BC14,,17,17,1.1162,0.0657,47.86415,2.8155,0.0233,,20140170.07,-2.976497,-30.0797187,0.6934845,49.9931761,
D314_F027,OSBS,OSBS_026,OSBS00,F027,D03_BC15,D03_BC14,,PIPA2,Pinus,palustris,coniferous,longleaf pine,,,,,,,,,13.7,-1,2.3,-1,41,211.6,4.6,5.7,-1.7,5.6,-1.6,,,OSBS_026,BC15; BC14,,18,18,1.4717,0.0818,45.15068,2.5084,0.0326,,,,,,,
D314_F028,OSBS,OSBS_026,OSBS00,F028,D03_BC15,D03_BC14,,PIPA2,Pinus,palustris,coniferous,longleaf pine,,,,,,,,,8.3,-2.3,0.6,-2.3,41,284.1,17.8,4.9,-1.8,5.9,-1.6,,,OSBS_026,BC15; BC14,,18,18,1.1836,0.0658,44.62062,2.4789,0.0265,,,,,,,
D314_F029,OSBS,OSBS_026,OSBS00,F029,D03_BC15,D03_BC14,,QULA2,Quercus,laevis,deciduous,turkey oak,,,,,,,,,8.8,-1.4,1.8,-1.4,41,102.1,9.8,5.3,-1.8,5.5,-1.8,,,OSBS_026,BC15; BC14,1.905,20,20,0.6966,0.0348,57.0045914,2.8502,0.0122,,,,,,,
D314_F030,OSBS,OSBS_026,OSBS00,F030,D03_BC15,D03_BC14,,QULA2,Quercus,laevis,deciduous,turkey oak,,,,,,,,,13.8,-0.6,4.4,-0.6,41,12.7,3.4,5.8,-2.2,6.9,-1.3,,,OSBS_026,BC15; BC14,1.27,24,24,0.3695,0.0154,30.40244875,1.2668,0.0122,,20140170.08,-2.8494716,-30.1080836,0.9877749,49.4367665,
D314_F031,OSBS,OSBS_026,OSBS00,F031,D03_BC15,D03_BC14,,QULA2,Quercus,laevis,deciduous,turkey oak,,,,,,,,,6.9,-2.2,0.3,-2.2,41,318,22.6,6.9,-1.7,5.7,-1.7,,,OSBS_026,BC15; BC14,1.905,16,16,0.5688,0.0356,45.60367312,2.8502,0.0125,,,,,,,
D314_F020,OSBS,OSBS_027,OSBS00,F020,D03_BC15,D03_BC14,,PIPA2,Pinus,palustris,coniferous,longleaf pine,,,,,,,,,12.5,-1.4,4.8,-1.4,41,233.6,17.6,5.1,-1.4,6.8,-1.5,,,OSBS_027,BC15; BC14,,17,17,1.0621,0.0625,44.44776,2.6146,0.0239,,20140170.07,-3.426587,-30.2430614,0.6282811,50.4317353,
D314_F021,OSBS,OSBS_027,OSBS00,F021,D03_BC15,D03_BC14,,PIPA2,Pinus,palustris,coniferous,longleaf pine,,,,,,,,,14.6,-1.8,3.6,-1.3,57,117.1,5.6,6,-1.5,6,-1.7,,,OSBS_027,BC15; BC14,,22,22,1.3177,0.0599,50.09972,2.2773,0.0263,,,,,,,
D314_F022,OSBS,OSBS_027,OSBS00,F022,D03_BC15,D03_BC14,,PIPA2,Pinus,palustris,coniferous,longleaf pine,,,,,,,,,11.6,-1.7,4.1,-1.6,41,6.1,11.5,5.3,-1.6,5.8,-1.6,,,OSBS_027,BC15; BC14,,18,18,0.8316,0.0462,35.92641,1.9959,0.0231,,,,,,,
D314_F023,OSBS,OSBS_027,OSBS00,F023,D03_BC15,D03_BC14,,QULA2,Quercus,laevis,deciduous,turkey oak,,,,,,,,,8.2,-1.4,0.1,-1.4,57,172.8,14.3,6.1,-1.6,6.2,-1.4,,,OSBS_027,BC15; BC14,1.905,16,16,0.596,0.0373,45.60367312,2.8502,0.0131,,,,,,,
D314_F024,OSBS,OSBS_027,OSBS00,F024,D03_BC15,D03_BC14,,QULA2,Quercus,laevis,deciduous,turkey oak,,,,,,,,,7.6,-1.5,0.9,-1.5,41,11.3,19.6,5.6,-1.5,7.1,-1.5,,,OSBS_027,BC15; BC14,1.905,18,18,0.7109,0.0395,51.30413226,2.8502,0.0139,,20140170.07,-2.0623142,-30.3095722,1.2937789,49.9661847,
D314_F025,OSBS,OSBS_027,OSBS00,F025,D03_BC15,D03_BC14,,QULA2,Quercus,laevis,deciduous,turkey oak,,,,,,,,,6.8,-1.7,0,-1.5,41,256.3,10.8,5.8,-1.5,5,-1.5,,,OSBS_027,BC15; BC14,1.905,16,16,0.6661,0.0416,45.60367312,2.8502,0.0146,,,,,,,
D314_F008,OSBS,OSBS_028,OSBS00,F008,D03_BC15,D03_BC14,,PIPA2,Pinus,palustris,coniferous,longleaf pine,,,,,,,,,10.9,-1.2,2.2,-1.3,41,243.9,17,6.2,-1.4,5.8,-1.4,,,OSBS_028,BC15; BC14,,17,17,1.1138,0.0655,40.51523,2.3832,0.0275,,20140170.07,-3.5926819,-28.2813225,0.8147427,49.962468,
D314_F009,OSBS,OSBS_028,OSBS00,F009,D03_BC15,D03_BC14,,PIPA2,Pinus,palustris,coniferous,longleaf pine,,,,,,,,,12.1,-0.8,5.2,-0.8,41,14.5,17.5,6,-1.3,5.8,-1.3,,,OSBS_028,BC15; BC14,,18,18,0.9556,0.0531,43.49275,2.4163,0.022,,,,,,,
D314_F010,OSBS,OSBS_028,OSBS00,F010,D03_BC15,D03_BC14,,PIPA2,Pinus,palustris,coniferous,longleaf pine,,,,,,,,,10.9,-1.4,5.2,-1.4,41,317.8,24.7,7.1,-1.7,7.2,-1.6,,,OSBS_028,BC15; BC14,,20,20,1.2487,0.0624,49.53493,2.4767,0.0252,,,,,,,
D314_F011,OSBS,OSBS_028,OSBS00,F011,D03_BC15,D03_BC14,,QULA2,Quercus,laevis,deciduous,turkey oak,,,,,,,,,8.2,-1.6,1.7,-1.6,41,261.3,18.8,6.4,-1.6,6.2,-1.6,,,OSBS_028,BC15; BC14,1.905,16,16,0.6235,0.039,45.60367312,2.8502,0.0137,,20140170.07,-3.5686603,-27.99687,0.8222247,46.655896,
D314_F012,OSBS,OSBS_028,OSBS00,F012,D03_BC15,D03_BC14,,QULA2,Quercus,laevis,deciduous,turkey oak,,,,,,,,,5.6,-1.6,2.8,-1.6,41,282.2,12.7,4.3,-1.6,4.8,-1.6,,,OSBS_028,BC15; BC14,1.905,19,19,0.7859,0.0414,54.15436183,2.8502,0.0145,,,,,,,
D314_F013,OSBS,OSBS_028,OSBS00,F013,D03_BC15,D03_BC14,,QULA2,Quercus,laevis,deciduous,turkey oak,,,,,,,,,8,-1.9,0.4,-1.9,41,199.1,3.2,6.6,-1.6,4.7,-1.5,,,OSBS_028,BC15; BC14,1.27,18,18,0.3191,0.0177,22.80183656,1.2668,0.014,,,,,,,
D314_F059,OSBS,OSBS_048,OSBS00,F059,D03_BC15,D03_BC14,,QULA3,Quercus,laurifolia,deciduous,laurel oak,,,,,,,,leaves dead from fire up to ~5m,5.9,-2,3.2,-2,41,227.8,10.3,5.1,-1.9,5,-2,,,OSBS_048,BC15; BC14,,10,10,0.3932,0.0393,49.21489,4.9215,0.008,,,,,,,
D314_F060,OSBS,OSBS_048,OSBS00,F060,D03_BC15,D03_BC14,,QULA3,Quercus,laurifolia,deciduous,laurel oak,,,,,,,,leaves dead from fire up to ~6m,12.9,-2.7,4.7,-2.6,41,319.6,12,6.8,-2.5,6,-2.2,,,OSBS_048,BC15; BC14,1.27,18,18,0.2657,0.0148,22.80183656,1.2668,0.0117,,,,,,,
D314_F061,OSBS,OSBS_048,OSBS00,F061,D03_BC15,D03_BC14,,PIPA2,Pinus,palustris,coniferous,longleaf pine,,,,,,,,,8,-1.6,6.2,-1.7,41,211.3,10.8,6.6,-1.4,6.2,-1.7,,,OSBS_048,BC15; BC14,,15,15,0.7601,0.0507,37.19256,2.4795,0.0204,,20140170.08,-2.8724762,-30.9394686,0.9669018,48.3974872,
D314_F062,OSBS,OSBS_048,OSBS00,F062,D03_BC15,D03_BC14,,PIPA2,Pinus,palustris,coniferous,longleaf pine,,,,,,,,,17.9,-1.9,6,-1.9,41,225.9,12.5,6.6,-1.7,9.6,-1.8,,,OSBS_048,BC15; BC14,,17,17,0.6449,0.0379,38.55733,2.2681,0.0167,,,,,,,
D314_F063,OSBS,OSBS_048,OSBS00,F063,D03_BC15,D03_BC14,,PIPA2,Pinus,palustris,coniferous,longleaf pine,,,,,,,,,10.3,-1.9,9.8,-1.7,41,212.4,5.8,10.3,-1.9,9.8,-1.7,,,OSBS_048,BC15; BC14,,17,17,0.9575,0.0563,39.11044,2.3006,0.0245,,,,,,,
D314_F064,OSBS,OSBS_048,OSBS00,F064,D03_BC15,D03_BC14,,PIPA2,Pinus,palustris,coniferous,longleaf pine,,,,,,,,,14.6,1.6,6.4,-1.6,41,258.8,4.6,8.5,-1.7,9,-1.7,,,OSBS_048,BC15; BC14,,18,18,1.263,0.0702,53.13687,2.952,0.0238,,,,,,,
D314_F139,OSBS,OSBS_001,OSBS00,F139,D03_BC15,D03_BC14,,QUNI,Quercus,laurifolia,deciduous,laurel oak,,,,,,,,,13,-1.6,7,-1.6,41,207.2,11.7,7.1,-1.6,7.8,-1.6,,,JERC_030,BC15; BC14,,16,16,1.4357,0.0897,121.11852,7.5699,0.0119,,,,,,,
D314_F140,JERC,JERC_030,JERC00,F140,D03_BC15,D03_BC14,,QULA3,Quercus,lyrata,deciduous,overcup oak,,,,,,,,,12,-1.6,1.9,-1.6,41,90.2,7.1,7.6,-1.7,5.3,-1.7,,,JERC_030,BC15; BC14,1.905,15,15,0.3803,0.0254,42.75344355,2.8502,0.0089,,20140170.05,-2.8159835,-30.06526,1.9697206,46.9619716,
D314_F141,JERC,JERC_030,JERC00,F141,D03_BC15,D03_BC14,,QULY,Rhus,copallinum,deciduous,winged sumac,,,,,,,,,13.1,-2,5.7,-2,41,32.1,8.6,6.4,-1.4,6.5,-1.5,,,JERC_030,BC15; BC14,1.27,16,16,0.1524,0.0095,20.26829916,1.2668,0.0075,,,,,,,
D314_F142,JERC,JERC_030,JERC00,F142,D03_BC15,D03_BC14,,RHCO,Rhus,copallinum,deciduous,winged sumac,,,,,,,,,0.9,0,0.5,0,41,159.5,6,,,,,0.9,0.5,JERC_030,BC15; BC14,1.27,16,16,0.1602,0.01,20.26829916,1.2668,0.0079,,20140170.05,-0.8782411,-31.0398275,1.4507947,49.9389293,
D314_F143,JERC,JERC_030,JERC00,F143,D03_BC15,D03_BC14,,RHCO,Rhus,copallinum,deciduous,winged sumac,,,,,,,,,2.1,0,0.8,0,41,210.8,8,,,,,2,1,JERC_030,BC15; BC14,1.27,16,16,0.1455,0.0091,20.26829916,1.2668,0.0072,,,,,,,
D314_F144,JERC,JERC_030,JERC00,F144,D03_BC15,D03_BC14,,RHCO,Quercus,falcata,deciduous,southern red oak,,,,,,,,,1.1,0,0.5,0,41,214.6,3.7,,,,,1.1,0.5,JERC_001,BC15; BC14,1.905,19,19,0.6651,0.035,54.15436183,2.8502,0.0123,,,,,,,
D314_F145,JERC,JERC_001,JERC00,F145,D03_BC15,D03_BC14,,QUFA,Rhus,copallinum,deciduous,winged sumac,,,,,,,,,18.3,-1.7,8.1,-1.6,41,170.5,9.3,8.3,-1.6,9.5,-1.6,,,JERC_001,BC15; BC14,1.27,28,28,0.3274,0.0117,35.46952354,1.2668,0.0092,,,,,,,
D314_F146,JERC,JERC_001,JERC00,F146,D03_BC15,D03_BC14,,RHCO,Rhus,copallinum,deciduous,winged sumac,,,,,,,,>1 individual,1,0,0.6,0,41,266.1,5.3,,,,,1,0.7,JERC_001,BC15; BC14,1.27,40,40,0.4119,0.0103,50.67074791,1.2668,0.0081,,20140170,-3.261384,-32.221625,1.6822518,50.0046962,
D314_F147,JERC,JERC_001,JERC00,F147,D03_BC15,D03_BC14,,RHCO,Rhus,copallinum,deciduous,winged sumac,,,,,,,,>1 individual,1.4,0,0.6,0,41,240.8,7.5,,,,,1.4,0.8,JERC_001,BC15; BC14,1.27,20,20,0.2123,0.0106,25.33537395,1.2668,0.0084,,,,,,,
D314_F148,JERC,JERC_001,JERC00,F148,D03_BC15,D03_BC14,,RHCO,Sassafras,albidum,deciduous,sassafras,,,,,,,,>1 individual,1,0,0.4,0,41,119.2,2.9,,,,,1,0.6,JERC_001,BC15; BC14,1.905,19,19,0.364,0.0192,54.15436183,2.8502,0.0067,,,,,,,
D314_F149,JERC,JERC_001,JERC00,F149,D03_BC15,D03_BC14,,SAAL5,Sassafras,albidum,deciduous,sassafras,,,,,,,,>1 individual,1.5,0,1,0,41,84.8,2.4,,,,,1.5,1,JERC_001,BC15; BC14,1.905,20,20,0.3897,0.0195,57.0045914,2.8502,0.0068,,20140170,-2.0472923,-30.841395,1.9373466,48.8886825,
D314_F150,JERC,JERC_001,JERC00,F150,D03_BC15,D03_BC14,,SAAL5,Sassafras,albidum,deciduous,sassafras,,,,,,,,,2.5,0,1.1,0,41,111.7,9.7,,,,,2.2,1.6,JERC_001,BC15; BC14,1.905,20,20,0.3506,0.0175,57.0045914,2.8502,0.0062,,,,,,,
D314_F151,JERC,JERC_001,JERC00,F151,D03_BC15,D03_BC14,,SAAL5,Diospyros,virginiana,deciduous,common persimmon,,,,,,,,>1 individual,2.2,0,1.2,0,41,121.1,10.3,,,,,2.1,1.3,JERC_001,BC15; BC14,1.905,7,7,0.4963,0.0709,19.95160699,2.8502,0.0249,,,,,,,
D314_F152,JERC,JERC_001,JERC00,F152,D03_BC15,D03_BC14,,DIVI5,Diospyros,virginiana,deciduous,common persimmon,,,,,,,,,1.9,0,0.6,0,41,247.4,9.4,,,,,1.2,0.7,JERC_001,BC15; BC14,1.905,18,18,0.3314,0.0184,51.30413226,2.8502,0.0065,,20140170,0.5200162,-29.871715,1.7170342,47.1379911,
D314_F153,JERC,JERC_001,JERC00,F153,D03_BC15,D03_BC14,,DIVI5,Diospyros,virginiana,deciduous,common persimmon,,,,,,,,,0.9,0,0.4,0,41,98.5,6.7,,,,,0.9,0.6,JERC_001,BC15; BC14,1.905,5,5,0.2539,0.0508,14.25114785,2.8502,0.0178,,,,,,,
D314_F154,JERC,JERC_001,JERC00,F154,D03_BC15,D03_BC14,,DIVI5,Quercus,virginiana,deciduous,live oak,,,,,,,,>1 individual,0.9,0,0.3,0,41,96.9,9.5,,,,,0.8,0.4,JERC_003,BC15; BC14,1.905,16,16,0.7176,0.0449,45.60367312,2.8502,0.0157,,,,,,,
D314_F155,JERC,JERC_003,JERC00,F155,D03_BC15,D03_BC14,,QUVI,Quercus,phellos,deciduous,willow oak,,,,,,,,,8.7,-2.8,6.2,-2.7,49,118.4,11.4,6.9,-2.6,7.6,-2.7,,,JERC_003,BC15; BC14,1.27,16,16,0.2643,0.0165,20.26829916,1.2668,0.013,,20140170.01,-2.8750366,-28.81406,1.727895,48.4556052,
D314_F156,JERC,JERC_003,JERC00,F156,D03_BC15,D03_BC14,,QUPH,Quercus,phellos,deciduous,willow oak,,,,,,,,,6.4,-2.5,1.6,-2.4,49,111.7,9.2,5.9,-2.3,4.7,-2.4,,,JERC_003,BC15; BC14,,16,16,0.7918,0.0495,60.62859,3.7893,0.0131,,,,,,,
D314_F157,JERC,JERC_003,JERC00,F157,D03_BC15,D03_BC14,,QUPH,Quercus,nigra,deciduous,water oak,,,,,,,,,10,-2.3,1.5,-2.3,49,142,8.6,7.7,-2.2,7,-2.2,,,JERC_003,BC15; BC14,1.905,17,17,0.5252,0.0309,48.45390269,2.8502,0.0108,,,,,,,
D314_F158,JERC,JERC_003,JERC00,F158,D03_BC15,D03_BC14,,QUNI,Quercus,phellos,deciduous,willow oak,,,,,,,,,11.8,-2.4,1.8,-2.4,49,156.1,11.1,7.3,-2.3,6.5,-2.3,,,JERC_003,BC15; BC14,1.905,15,15,0.5485,0.0366,42.75344355,2.8502,0.0128,,20140170.01,-2.9250816,-29.2646875,1.8005642,47.8998669,
D314_F159,JERC,JERC_003,JERC00,F159,D03_BC15,D03_BC14,,QUPH,Quercus,virginiana,deciduous,live oak,,,,,,,,,15.1,-2.5,3.7,-2.1,49,171.2,14.3,6.2,-2.4,5,-2.5,,,JERC_003,BC15; BC14,1.27,16,16,0.297,0.0186,20.26829916,1.2668,0.0147,,20140170.01,-3.6527359,-30.22166,1.6574389,48.5432048,
D314_F160,JERC,JERC_003,JERC00,F160,D03_BC15,D03_BC14,,QUVI,Quercus,virginiana,deciduous,live oak,,,,,,,,,4.5,-2.1,-0.2,-2.1,49,151.2,6.2,3.8,-1.8,3.1,-1.9,,,JERC_003,BC15; BC14,1.27,6,6,0.2706,0.0451,7.600612186,1.2668,0.0356,,,,,,,
D314_F161,JERC,JERC_003,JERC00,F161,D03_BC15,D03_BC14,,QUVI,Rhus,copallinum,deciduous,winged sumac,,,,,,,,,3.7,2.2,0,-2.2,49,156.4,8.5,3.3,-2,2.9,-2,,,JERC_007,BC15; BC14,1.27,16,16,0.1686,0.0105,20.26829916,1.2668,0.0083,,,,,,,
D314_F162,JERC,JERC_007,JERC00,F162,D03_BC15,D03_BC14,,RHCO,Rhus,copallinum,deciduous,winged sumac,,,,,,,,,2.5,0,1.4,0,41,328.8,7.8,,,,,2.3,1.6,JERC_007,BC15; BC14,1.27,16,16,0.1704,0.0107,20.26829916,1.2668,0.0084,,20140170.02,-0.2756993,-30.735825,1.7045803,50.045395,
D314_F163,JERC,JERC_007,JERC00,F163,D03_BC15,D03_BC14,,RHCO,Rhus,copallinum,deciduous,winged sumac,,,,,,,,,3.4,0,1.5,0,41,249.8,10.1,,,,,3,2.4,JERC_007,BC15; BC14,1.27,19,19,0.1981,0.0104,24.06860526,1.2668,0.0082,,,,,,,
D314_F164,JERC,JERC_007,JERC00,F164,D03_BC15,D03_BC14,,RHCO,Diospyros,virginiana,deciduous,common persimmon,,,,,,,,,2.4,0,1.6,0,41,190.7,8.7,,,,,2.2,1.7,JERC_007,BC15; BC14,1.905,18,18,0.3572,0.0198,51.30413226,2.8502,0.007,,,,,,,
D314_F165,JERC,JERC_007,JERC00,F165,D03_BC15,D03_BC14,,DIVI5,Diospyros,virginiana,deciduous,common persimmon,,,,,,,,,1.7,-1.5,0.2,-1.5,41,26,9.7,,,,,2.5,1.8,JERC_007,BC15; BC14,1.905,6,6,0.3312,0.0552,17.10137742,2.8502,0.0194,,20140170.02,1.1085454,-28.7172875,2.1843886,46.3518609,
D314_F166,JERC,JERC_007,JERC00,F166,D03_BC15,D03_BC14,,DIVI5,Diospyros,virginiana,deciduous,common persimmon,,,,,,,,,2.2,0,1,0,41,123.3,3.5,,,,,1.7,1.1,JERC_007,BC15; BC14,1.905,6,6,0.3497,0.0583,17.10137742,2.8502,0.0204,,,,,,,
D314_F167,JERC,JERC_007,JERC00,F167,D03_BC15,D03_BC14,,DIVI5,Pinus,palustris,coniferous,longleaf pine,,,,,,,,,2.1,0,0.7,0,41,81.7,4.9,,,,,1.8,1,JERC_007,BC15; BC14,,18,18,1.04,0.0578,45.14361,2.508,0.023,,20140170.02,0.4409451,-28.323355,1.1435884,47.3040375,
D314_F168,JERC,JERC_007,JERC00,F168,D03_BC15,D03_BC14,,PIPA2,Pinus,palustris,coniferous,longleaf pine,,,,,,,,,29.1,-1.1,7.8,-1.2,41,46.1,10,8.9,-1.4,7.9,-1.4,,,JERC_009,BC15; BC14,,17,17,1.02,0.06,42.56215,2.5037,0.024,,20140170.03,-3.7608331,-28.7642075,0.8131535,47.7504823,
D314_F169,JERC,JERC_009,JERC00,F169,D03_BC15,D03_BC14,,PIPA2,Pinus,palustris,coniferous,longleaf pine,,,,,,,,,12.4,-1.4,4.3,-1.5,41,47.8,2.5,5.7,-1.5,4.6,-1.5,,,JERC_009,BC15; BC14,,14,14,0.77,0.055,32.68987,2.335,0.0236,,,,,,,
D314_F170,JERC,JERC_009,JERC00,F170,D03_BC15,D03_BC14,,PIPA2,Pinus,palustris,coniferous,longleaf pine,,,,,,,,only one sample: not enough branchlets,14.7,-1.6,0.8,-1.4,41,142.6,0.8,3.2,-1.5,,,,,JERC_009,BC15; BC14,,16,16,0.63,0.0394,30.68807,1.918,0.0205,,,,,,,
D314_F171,JERC,JERC_009,JERC00,F171,D03_BC15,D03_BC14,,PIPA2,Quercus,falcata,deciduous,southern red oak,,,,,,,,only one sample: not enough branchlets,5.8,-1.5,2.8,-1.5,41,214.9,4.4,4.3,-1.4,,,,,JERC_009,BC15; BC14,1.905,19,19,0.5736,0.0302,54.15436183,2.8502,0.0106,,20140170.03,-1.9752275,-29.8961525,1.6660407,46.8208472,
D314_F172,JERC,JERC_009,JERC00,F172,D03_BC15,D03_BC14,,QUFA,Quercus,falcata,deciduous,southern red oak,,,,,,,,>1 individual copice/cluster of regen,0.8,0,0.5,0,41,161.5,6.8,,,,,0.8,0.6,JERC_009,BC15; BC14,1.905,6,6,0.6433,0.1072,17.10137742,2.8502,0.0376,,,,,,,
D314_F173,JERC,JERC_009,JERC00,F173,D03_BC15,D03_BC14,,QUFA,Quercus,falcata,deciduous,southern red oak,,,,,,,,>1 individual copice/cluster of regen,1.3,0,0.5,0,41,216.1,10.4,,,,,1.3,0.9,JERC_009,BC15; BC14,1.905,15,15,0.4451,0.0297,42.75344355,2.8502,0.0104,,20140170.03,-2.4636667,-29.5481625,1.4422466,46.8717997,
D314_F174,JERC,JERC_009,JERC00,F174,D03_BC15,D03_BC14,,QUFA,Sassafras,albidum,deciduous,sassafras,,,,,,,,>1 individual copice/cluster of regen,1.4,0,0.5,0,41,15.4,7.9,,,,,1.4,0.6,JERC_002,BC15; BC14,1.905,16,16,0.3038,0.019,45.60367312,2.8502,0.0067,,,,,,,
D314_F175,JERC,JERC_002,JERC00,F175,D03_BC15,D03_BC14,,SAAL5,Sassafras,albidum,deciduous,sassafras,,,,,,,,under partial canopy,1.1,0,0.5,0,41,113.7,7.2,,,,,1,0.5,JERC_002,BC15; BC14,1.905,7,7,0.3653,0.0522,19.95160699,2.8502,0.0183,,20140170.01,-2.5747666,-31.619485,1.4952952,48.4205551,
D314_F176,JERC,JERC_002,JERC00,F176,D03_BC15,D03_BC14,,SAAL5,Sassafras,albidum,deciduous,sassafras,,,,,,,,under partial canopy,1.6,0,0.7,0,41,51.2,2.6,,,,,1.6,1,JERC_002,BC15; BC14,1.905,17,17,0.2781,0.0164,48.45390269,2.8502,0.0057,,,,,,,
D314_F177,JERC,JERC_002,JERC00,F177,D03_BC15,D03_BC14,,SAAL5,Quercus,falcata,deciduous,southern red oak,,,,,,,,under partial canopy,1.6,0,0.8,0,41,215.1,10.2,,,,,1.6,1,JERC_002,BC15; BC14,1.905,18,18,0.5533,0.0307,51.30413226,2.8502,0.0108,,,,,,,
D314_F178,JERC,JERC_002,JERC00,F178,D03_BC15,D03_BC14,,QUFA,Quercus,falcata,deciduous,southern red oak,,,,,,,,under partial canopy,1,0,0.4,0,41,146.5,6.5,,,,,1,0.5,JERC_002,BC15; BC14,1.905,15,15,0.5075,0.0338,42.75344355,2.8502,0.0119,,,,,,,
D314_F179,JERC,JERC_002,JERC00,F179,D03_BC15,D03_BC14,,QUFA,Quercus,falcata,deciduous,southern red oak,,,,,,,,under partial canopy,0.8,0,0.4,0,41,323.5,11.5,,,,,0.8,0.5,JERC_002,BC15; BC14,1.905,18,18,0.5468,0.0304,51.30413226,2.8502,0.0107,,20140170.01,-4.5405342,-29.6380925,1.2210046,47.9548191,
D314_F180,JERC,JERC_002,JERC00,F180,D03_BC15,D03_BC14,,QUFA,Diospyros,virginiana,deciduous,common persimmon,,,,,,,,under partial canopy,0.5,0,0.3,0,41,344.6,5.4,,,,,0.5,0.4,JERC_002,BC15; BC14,1.905,17,17,0.3657,0.0215,48.45390269,2.8502,0.0075,,,,,,,
D314_F181,JERC,JERC_002,JERC00,F181,D03_BC15,D03_BC14,,DIVI5,Diospyros,virginiana,deciduous,common persimmon,,,,,,,,under partial canopy,1.5,0,0.5,0,41,223.2,9.3,,,,,1.5,0.5,JERC_002,BC15; BC14,1.905,6,6,0.4317,0.072,17.10137742,2.8502,0.0252,,,,,,,
D314_F182,JERC,JERC_002,JERC00,F182,D03_BC15,D03_BC14,,DIVI5,Diospyros,virginiana,deciduous,common persimmon,,,,,,,,under partial canopy,0.6,0,0.3,0,41,165.3,11.2,,,,,0.6,0.3,JERC_002,BC15; BC14,1.905,16,16,0.3438,0.0215,45.60367312,2.8502,0.0075,,,,,,,
D314_F183,JERC,JERC_002,JERC00,F183,D03_BC15,D03_BC14,,DIVI5,Quercus,falcata,deciduous,southern red oak,,,,,,,,under partial canopy,1.5,0,0.7,0,41,280.2,10.3,,,,,1.5,0.7,JERC_006,BC15; BC14,1.905,15,15,0.4242,0.0283,42.75344355,2.8502,0.0099,,,,,,,
D314_F184,JERC,JERC_006,JERC00,F184,D03_BC15,D03_BC14,,QUFA,Quercus,falcata,deciduous,southern red oak,,,,,,,,,1,0,0.3,0,41,29.4,3.9,,,,,1,0.5,JERC_006,BC15; BC14,1.905,8,8,0.5558,0.0695,22.80183656,2.8502,0.0244,,20140170.02,-3.9900392,-30.1346625,1.4566388,46.4352093,
D314_F185,JERC,JERC_006,JERC00,F185,D03_BC15,D03_BC14,,QUFA,Quercus,falcata,deciduous,southern red oak,,,,,,,,,1.1,0,0.4,0,41,302.9,11.1,,,,,1,0.5,JERC_006,BC15; BC14,1.905,16,16,0.5057,0.0316,45.60367312,2.8502,0.0111,,,,,,,
D314_F186,JERC,JERC_006,JERC00,F186,D03_BC15,D03_BC14,,QUFA,Quercus,stellata,deciduous,post oak,,,,,,,,,0.8,0,0.3,0,41,255.5,7.5,,,,,0.8,0.3,JERC_006,BC15; BC14,1.905,16,16,0.4785,0.0299,45.60367312,2.8502,0.0105,,,,,,,
D314_F187,JERC,JERC_006,JERC00,F187,D03_BC15,D03_BC14,,QUST,Quercus,stellata,deciduous,post oak,,,,,,,,,0.8,0,0.3,0,41,4.3,3.7,,,,,0.8,0.4,JERC_006,BC15; BC14,1.905,16,16,0.4194,0.0262,45.60367312,2.8502,0.0092,,20140170.02,-1.0423887,-29.37319,1.9296536,46.6904276,
D314_F188,JERC,JERC_006,JERC00,F188,D03_BC15,D03_BC14,,QUST,Quercus,stellata,deciduous,post oak,,,,,,,,,0.6,0,0.4,0,41,135.6,4.2,,,,,0.6,0.4,JERC_006,BC15; BC14,1.905,18,18,0.545,0.0303,51.30413226,2.8502,0.0106,,,,,,,
D314_F189,JERC,JERC_006,JERC00,F189,D03_BC15,D03_BC14,,QUST,Pinus,palustris,coniferous,longleaf pine,,,,,,,,,0.9,0,0.3,0,41,304.6,7.5,,,,,0.9,0.4,JERC_006,BC15; BC14,,17,17,0.96,0.0565,46.9878,2.764,0.0204,,,,,,,
D314_F190,JERC,JERC_006,JERC00,F190,D03_BC15,D03_BC14,,PIPA2,Pinus,palustris,coniferous,longleaf pine,,,,,,,,could only reach one sunlit branch,5,-1.3,2,-1.3,41,345.1,6.6,3.3,-1.4,,,,,JERC_006,BC15; BC14,,9,9,0.81,0.09,34.78056,3.8645,0.0233,,,,,,,
D314_F191,JERC,JERC_006,JERC00,F191,D03_BC15,D03_BC14,,PIPA2,Sassafras,albidum,deciduous,sassafras,,,,,,,,could only reach one sunlit branch,20,-2.7,7.1,-1.6,41,182.7,10.7,7.7,-1.4,,,,,JERC_008,BC15; BC14,1.905,19,19,0.3507,0.0185,54.15436183,2.8502,0.0065,,20140170.02,-1.9732257,-31.87168,1.4706792,49.4496024,
D314_F192,JERC,JERC_008,JERC00,F192,D03_BC15,D03_BC14,,SAAL5,Sassafras,albidum,deciduous,sassafras,,,,,,,,,2.6,0,1.8,0,33,307.6,6.9,,,,,2.5,2,JERC_008,BC15; BC14,1.905,16,16,0.2876,0.018,45.60367312,2.8502,0.0063,,,,,,,
D314_F193,JERC,JERC_008,JERC00,F193,D03_BC15,D03_BC14,,SAAL5,Sassafras,albidum,deciduous,sassafras,,,,,,,,,1.6,0,1.2,0,33,280.6,5,,,,,1.5,1.2,JERC_008,BC15; BC14,1.905,18,18,0.3131,0.0174,51.30413226,2.8502,0.0061,,,,,,,
D314_F194,JERC,JERC_008,JERC00,F194,D03_BC15,D03_BC14,,SAAL5,Quercus,stellata,deciduous,post oak,,,,,,,,,2,0,1.4,0,41,33.8,2,,,,,2,1.5,JERC_008,BC15; BC14,1.905,15,15,0.4716,0.0314,42.75344355,2.8502,0.011,,,,,,,
D314_F195,JERC,JERC_008,JERC00,F195,D03_BC15,D03_BC14,,QUST,Quercus,margarettae,deciduous,runner oak,,,,,,,,,18.1,-1.5,4.3,-1.5,41,352.3,5.3,5.7,-1.7,6.7,-1.7,,,JERC_008,BC15; BC14,1.905,19,19,0.5215,0.0274,54.15436183,2.8502,0.0096,,20140170.03,-3.7608331,-30.849215,1.7397101,46.0964536,
D314_F196,JERC,JERC_008,JERC00,F196,D03_BC15,D03_BC14,,QUMA,Quercus,margarettae,deciduous,runner oak,,,,,,,,,11.9,-1.5,4,-1.5,41,314.7,9.9,4.2,-1.6,6.6,-1.6,,,JERC_008,BC15; BC14,1.905,16,16,0.4644,0.029,45.60367312,2.8502,0.0102,,,,,,,
D314_F197,JERC,JERC_008,JERC00,F197,D03_BC15,D03_BC14,,QUMA,Quercus,falcata,deciduous,southern red oak,,,,,,,,,15.8,-1.5,4.6,-1.5,41,307.3,10.8,6.3,-1.6,6.3,-1.6,,,JERC_008,BC15; BC14,1.905,16,16,0.4946,0.0309,45.60367312,2.8502,0.0108,,,,,,,
D314_F198,JERC,JERC_008,JERC00,F198,D03_BC15,D03_BC14,,QUFA,Quercus,falcata,deciduous,southern red oak,,,,,,,,,1.6,0,0.8,0,41,67.6,3.2,,,,,1.6,0.9,JERC_008,BC15; BC14,1.905,17,17,0.5334,0.0314,48.45390269,2.8502,0.011,,20140170.03,-3.5446387,-30.3516675,1.5199549,48.311256,
D314_F199,JERC,JERC_008,JERC00,F199,D03_BC15,D03_BC14,,QUFA,Quercus,falcata,deciduous,southern red oak,,,,,,,,,2.3,0,0.9,0,41,30,7.6,,,,,2.2,1.5,JERC_008,BC15; BC14,1.27,15,15,0.207,0.0138,19.00153047,1.2668,0.0109,,,,,,,
D314_F200,JERC,JERC_008,JERC00,F200,D03_BC15,D03_BC14,,QUFA,Quercus,incana,deciduous,bluejack oak,,,,,,,,,1.3,0,0.7,0,41,164.9,10.3,,,,,1.3,0.7,JERC_005,BC15; BC14,1.27,17,17,0.2127,0.0125,21.53506786,1.2668,0.0099,,,,,,,
D314_F201,JERC,JERC_005,JERC00,F201,D03_BC15,D03_BC14,,QUIN,Quercus,incana,deciduous,bluejack oak,,,,,,,,,1.7,0,0.8,0,41,89.8,8.3,,,,,1.7,1.2,JERC_005,BC15; BC14,1.905,17,17,0.4817,0.0283,48.45390269,2.8502,0.0099,,,,,,,
D314_F202,JERC,JERC_005,JERC00,F202,D03_BC15,D03_BC14,,QUIN,Quercus,incana,deciduous,bluejack oak,,,,,,,,,2,0,0.6,0,41,55.2,8.6,,,,,1.9,1,JERC_005,BC15; BC14,1.905,15,15,0.3963,0.0264,42.75344355,2.8502,0.0093,,20140170.01,-1.9452005,-31.2060025,1.5246687,47.8366212,
D314_F203,JERC,JERC_005,JERC00,F203,D03_BC15,D03_BC14,,QUIN,Quercus,falcata,deciduous,southern red oak,,,,,,,,,1.3,0,0.6,0,41,6.8,5,,,,,1.3,0.8,JERC_005,BC15; BC14,1.905,18,18,0.5575,0.031,51.30413226,2.8502,0.0109,,,,,,,
D314_F204,JERC,JERC_005,JERC00,F204,D03_BC15,D03_BC14,,QUFA,Quercus,falcata,deciduous,southern red oak,,,,,,,,,1.3,0,0.5,0,41,134,2.5,,,,,1.3,0.6,JERC_005,BC15; BC14,1.905,18,18,0.5464,0.0304,51.30413226,2.8502,0.0107,,,,,,,
D314_F205,JERC,JERC_005,JERC00,F205,D03_BC15,D03_BC14,,QUFA,Quercus,falcata,deciduous,southern red oak,,,,,,,,,1.7,0,0.7,0,41,64.1,7.1,,,,,1.7,1,JERC_005,BC15; BC14,1.905,18,18,0.613,0.0341,51.30413226,2.8502,0.0119,,20140170.01,-4.032077,-31.2001375,1.6869587,48.2621417,REPLICATED; values here for first run only
D314_F065,OSBS,OSBS_048,OSBS00,F065,D03_BC15,D03_BC14,,PITA,Pinus,taeda,coniferous,loblolly pine,,,,,,,,,19,-1.8,8.3,-1.6,41,50.3,11.8,8.7,-1.2,8.4,-1.7,,,OSBS_048,BC15; BC14,,20,20,0.9627,0.0481,44.86637,2.2433,0.0215,,,,,,,
D314_F207,JERC,JERC_010,JERC00,F207,D03_BC15,D03_BC14,,PIPA2,Pinus,palustris,coniferous,longleaf pine,,,,,,,,only one sample: not enough branchlets,5.4,-1.5,1.5,-1.5,33,356,9.4,4,-1.8,,,,,JERC_010,BC15; BC14,,12,12,0.89,0.0742,44.57574,3.7146,0.02,,,,,,,
D314_F208,JERC,JERC_010,JERC00,F208,D03_BC15,D03_BC14,,PIPA2,Pinus,palustris,coniferous,longleaf pine,,,,,,,,only one sample: not enough branchlets,9.4,-1.5,3,-1.5,33,351.7,9.5,3.4,-1.6,,,,,JERC_010,BC15; BC14,,17,17,0.83,0.0488,38.30412,2.2532,0.0217,,,,,,,
D314_F209,JERC,JERC_010,JERC00,F209,D03_BC15,D03_BC14,,QUMA,Quercus,margarettae,deciduous,runner oak,,,,,,,,,7.1,-2.2,0.5,-2.2,41,99.4,2.3,5,-2,2.4,-2,,,JERC_010,BC15; BC14,1.905,16,16,0.5205,0.0325,45.60367312,2.8502,0.0114,,,,,,,
D314_F210,JERC,JERC_010,JERC00,F210,D03_BC15,D03_BC14,,QUMA,Quercus,margarettae,deciduous,runner oak,,,,,,,,,7.5,-1.8,2.2,-1.7,41,85.6,1.2,4.3,-1.6,5.2,-1.5,,,JERC_010,BC15; BC14,1.905,15,15,0.495,0.033,42.75344355,2.8502,0.0116,,,,,,,
D314_F211,JERC,JERC_010,JERC00,F211,D03_BC15,D03_BC14,,QUMA,Quercus,margarettae,deciduous,runner oak,,,,,,,,,6.2,-1.2,0.2,-1.2,41,299.8,4.9,3.3,-1.2,4.8,-1.1,,,JERC_010,BC15; BC14,1.905,17,17,0.5546,0.0326,48.45390269,2.8502,0.0114,,20140170.03,-3.6437278,-29.32236,1.5933114,47.1730387,
D314_F212,JERC,JERC_010,JERC00,F212,D03_BC15,D03_BC14,,QUMA,Quercus,margarettae,deciduous,runner oak,,,,,,,,,13.6,-1.6,2.2,-1.6,41,232.5,10.3,5.6,-1.4,5.6,-1.7,,,JERC_010,BC15; BC14,1.905,17,17,0.5297,0.0312,48.45390269,2.8502,0.0109,,,,,,,
D314_F213,JERC,JERC_010,JERC00,F213,D03_BC15,D03_BC14,,QUIN,Quercus,incana,deciduous,bluejack oak,,,,,,,,,5.2,-1.9,1,-1.9,41,139.9,10,4.1,-1.3,2.7,-1.3,,,JERC_010,BC15; BC14,1.905,16,16,0.4655,0.0291,45.60367312,2.8502,0.0102,,,,,,,
D314_F214,JERC,JERC_010,JERC00,F214,D03_BC15,D03_BC14,,QUIN,Quercus,incana,deciduous,bluejack oak,,,,,,,,,3.8,-1.9,1.4,-1.9,41,140.6,10.4,2.8,-1.6,3.8,-1.6,,,JERC_010,BC15; BC14,1.905,17,17,0.4182,0.0246,48.45390269,2.8502,0.0086,,20140170.03,-2.160394,-30.9538075,1.4660493,47.1657067,
D314_F215,JERC,JERC_016,JERC00,F215,D03_BC15,D03_BC14,,QULA3,Quercus,laurifolia,deciduous,laurel oak,,,,,,,,,6.6,-1.8,1.8,-1.8,41,235.3,3.7,4.1,-1.7,4.4,-1.6,,,JERC_016,BC15; BC14,1.27,16,16,0.2027,0.0127,20.26829916,1.2668,0.01,,,,,,,
D314_F216,JERC,JERC_016,JERC00,F216,D03_BC15,D03_BC14,,QULA3,Quercus,laurifolia,deciduous,laurel oak,,,,,,,,,3.8,-1.2,0.9,-1.2,41,250.8,7.8,3.2,-1.4,2.3,-1.4,,,JERC_016,BC15; BC14,1.27,19,19,0.2169,0.0114,24.06860526,1.2668,0.009,,20140170.04,-4.5165126,-30.7583075,1.6216205,48.393251,
D314_F217,JERC,JERC_016,JERC00,F217,D03_BC15,D03_BC14,,QULA3,Quercus,laurifolia,deciduous,laurel oak,,,,,,,,,6,-1.6,2.7,-1.6,41,223.6,6.8,5.4,-1.6,3.9,-1.6,,,JERC_016,BC15; BC14,1.905,15,15,0.3956,0.0264,42.75344355,2.8502,0.0093,,20140170.04,-4.8508132,-31.7279875,1.6771233,48.7318761,
D314_F218,JERC,JERC_019,JERC00,F218,D03_BC15,D03_BC14,,QUFA,Quercus,falcata,deciduous,southern red oak,,,,,,,,,17.4,-1.3,3.5,-1.4,41,223,8.2,4.8,-1.5,5.3,-1.5,,,JERC_019,BC15; BC14,1.905,18,18,0.5683,0.0316,51.30413226,2.8502,0.0111,,,,,,,
D314_F219,JERC,JERC_019,JERC00,F219,D03_BC15,D03_BC14,,QULA3,Quercus,laurifolia,deciduous,laurel oak,,,,,,,,,3.2,-1.4,1.2,-1.4,41,83.7,6.5,2,-1.5,2.5,-1.5,,,JERC_019,BC15; BC14,,15,15,0.6363,0.0424,53.56721,3.5711,0.0119,,,,,,,
D314_F220,JERC,JERC_019,JERC00,F220,D03_BC15,D03_BC14,,QULA3,Quercus,laurifolia,deciduous,laurel oak,,,,,,,,,4,-1.4,0.4,-1.4,41,126.1,7.3,3.5,-1.5,2.3,-1.5,,,JERC_019,BC15; BC14,1.27,18,18,0.2767,0.0154,22.80183656,1.2668,0.0121,,,,,,,
D314_F221,JERC,JERC_019,JERC00,F221,D03_BC15,D03_BC14,,QULA3,Quercus,laurifolia,deciduous,laurel oak,,,,,,,,,3.1,0,1,0,41,307.3,10,,,,,2.6,1.5,JERC_019,BC15; BC14,1.27,16,16,0.2603,0.0163,20.26829916,1.2668,0.0128,,,,,,,
D314_F222,JERC,JERC_019,JERC00,F222,D03_BC15,D03_BC14,,SAAL5,Sassafras,albidum,deciduous,sassafras,,,,,,,,,3.3,0,1.6,0,41,132.3,3.4,,,,,3.1,2.2,JERC_019,BC15; BC14,1.905,18,18,0.333,0.0185,51.30413226,2.8502,0.0065,,,,,,,
D314_F223,JERC,JERC_019,JERC00,F223,D03_BC15,D03_BC14,,SAAL5,Sassafras,albidum,deciduous,sassafras,,,,,,,,,1,0,0.5,0,41,299,9.6,,,,,1,0.7,JERC_019,BC15; BC14,1.905,17,17,0.3564,0.021,48.45390269,2.8502,0.0074,,,,,,,
D314_F224,JERC,JERC_019,JERC00,F224,D03_BC15,D03_BC14,,SAAL5,Sassafras,albidum,deciduous,sassafras,,,,,,,,,3.6,0,2,0,41,324.8,4.9,,,,,3,2.5,JERC_019,BC15; BC14,1.905,17,17,0.4877,0.0287,48.45390269,2.8502,0.0101,,20140170.04,-2.3225398,-28.6703675,1.983862,50.2365865,REPLICATED; values here for first run only
D314_F225,JERC,JERC_019,JERC00,F225,D03_BC15,D03_BC14,,CAAM2,Callicarpa,americana,deciduous,American beautyberry,,,,,,,,,2.4,0,1.3,0,41,126.1,4.1,,,,,2.3,1.5,JERC_019,BC15; BC14,1.905,19,19,0.2838,0.0149,54.15436183,2.8502,0.0052,,,,,,,
D314_F226,JERC,JERC_019,JERC00,F226,D03_BC15,D03_BC14,,CAAM2,Callicarpa,americana,deciduous,American beautyberry,,,,,,,,,1.5,0,0.6,0,41,147.9,7.4,,,,,1.4,0.7,JERC_019,BC15; BC14,1.905,18,18,0.2093,0.0116,51.30413226,2.8502,0.0041,,,,,,,
D314_F227,JERC,JERC_019,JERC00,F227,D03_BC15,D03_BC14,,CAAM2,Callicarpa,americana,deciduous,American beautyberry,,,,,,,,,2,0,0.6,0,41,333.5,6.6,,,,,1.8,1.2,JERC_019,BC15; BC14,1.905,16,16,0.29,0.0181,45.60367312,2.8502,0.0064,,,,,,,
D314_F228,JERC,JERC_019,JERC00,F228,D03_BC15,D03_BC14,,ROPS,Robinia,pseudoacacia,deciduous,black locust,,,,,,,,,2,0,0.7,0,41,331.7,1.7,,,,,1.6,0.9,JERC_019,BC15; BC14,1.27,16,16,0.1301,0.0081,20.26829916,1.2668,0.0064,,,,,,,
D314_F229,JERC,JERC_019,JERC00,F229,D03_BC15,D03_BC14,,ROPS,Robinia,pseudoacacia,deciduous,black locust,,,,,,,,,1.5,0,0.9,0,41,305.3,11.2,,,,,1.5,1,JERC_019,BC15; BC14,1.905,15,15,0.248,0.0165,42.75344355,2.8502,0.0058,,20140170.05,0.4899892,-31.1160725,3.211774,47.0890634,
D314_F230,JERC,JERC_019,JERC00,F230,D03_BC15,D03_BC14,,ROPS,Robinia,pseudoacacia,deciduous,black locust,,,,,,,,,2.3,0,0.6,0,41,327.6,6.9,,,,,1.5,1,JERC_019,BC15; BC14,1.27,17,17,0.1219,0.0072,21.53506786,1.2668,0.0057,,,,,,,
D314_F231,JERC,JERC_019,JERC00,F231,D03_BC15,D03_BC14,,DIVI5,Diospyros,virginiana,deciduous,common persimmon,,,,,,,,,4.1,0,1.8,0,41,358.6,5.3,,,,,3,2.4,JERC_019,BC15; BC14,1.905,16,16,0.4387,0.0274,45.60367312,2.8502,0.0096,,,,,,,
D314_F232,JERC,JERC_019,JERC00,F232,D03_BC15,D03_BC14,,DIVI5,Diospyros,virginiana,deciduous,common persimmon,,,,,,,,,1.6,0,0.5,0,41,306.6,9,,,,,1.5,1,JERC_019,BC15; BC14,1.905,16,16,0.4274,0.0267,45.60367312,2.8502,0.0094,,20140170.05,-0.5779711,-30.4083625,1.3706302,47.0042953,
D314_F233,JERC,JERC_019,JERC00,F233,D03_BC15,D03_BC14,,DIVI5,Diospyros,virginiana,deciduous,common persimmon,,,,,,,,,2,0,0.6,0,41,271.5,3.4,,,,,1.9,1,JERC_019,BC15; BC14,1.905,17,17,0.3271,0.0192,48.45390269,2.8502,0.0068,,,,,,,
D314_F234,JERC,JERC_019,JERC00,F234,D03_BC15,D03_BC14,,LYJA,Lygodium,japonicum,deciduous,Japanese climbing fern,,,,,,,,did not map. sprawling vine marginally woody. Invasive species co-dominant at site thought would be interesting to sample and monitor,,,,,,,,,,,,0.7,0.4,JERC_019,BC15; BC14,,10,10,0.2179,0.0218,56.54195,5.6542,0.0039,,,,,,,
D314_F235,JERC,JERC_019,JERC00,F235,D03_BC15,D03_BC14,,LYJA,Lygodium,japonicum,deciduous,Japanese climbing fern,,,,,,,,did not map. sprawling vine marginally woody. Invasive species co-dominant at site thought would be interesting to sample and monitor,,,,,,,,,,,,0.6,0.3,JERC_019,BC15; BC14,,10,10,0.2974,0.0297,44.89404,4.4894,0.0066,,,,,,,
D314_F236,JERC,JERC_019,JERC00,F236,D03_BC15,D03_BC14,,LYJA,Lygodium,japonicum,deciduous,Japanese climbing fern,,,,,,,,did not map. sprawling vine marginally woody. Invasive species co-dominant at site thought would be interesting to sample and monitor,,,,,,,,,,,,1.3,0.8,JERC_019,BC15; BC14,,11,11,0.2822,0.0257,59.22251,5.3839,0.0048,,,,,,,
D314_F237,JERC,JERC_011,JERC00,F237,D03_BC15,D03_BC14,,QUFA,Quercus,falcata,deciduous,southern red oak,,,,,,,,,2.3,0,0.8,0,41,311.6,6.2,,,,,1.4,1,JERC_011,BC15; BC14,1.905,16,16,0.5326,0.0333,45.60367312,2.8502,0.0117,,,,,,,
D314_F238,JERC,JERC_011,JERC00,F238,D03_BC15,D03_BC14,,QUFA,Quercus,falcata,deciduous,southern red oak,,,,,,,,,1.9,0,0.7,0,41,326,9.3,,,,,1.5,1,JERC_011,BC15; BC14,1.905,18,18,0.6372,0.0354,51.30413226,2.8502,0.0124,,,,,,,
D314_F239,JERC,JERC_011,JERC00,F239,D03_BC15,D03_BC14,,QUFA,Quercus,falcata,deciduous,southern red oak,,,,,,,,,2.3,0,0.9,0,41,60.5,9.7,,,,,1.6,1.1,JERC_011,BC15; BC14,1.905,15,15,0.4745,0.0316,42.75344355,2.8502,0.0111,,20140170.03,-4.0951337,-30.2187275,1.3859561,47.7199278,
D314_F240,JERC,JERC_011,JERC00,F240,D03_BC15,D03_BC14,,QUFA,Quercus,falcata,deciduous,southern red oak,,,,,,,,,1.9,0,0.6,0,41,95.8,2,,,,,1.6,1.2,JERC_011,BC15; BC14,1.905,16,16,0.4913,0.0307,45.60367312,2.8502,0.0108,,,,,,,
D314_F241,JERC,JERC_011,JERC00,F241,D03_BC15,D03_BC14,,DIVI5,Diospyros,virginiana,deciduous,common persimmon,,,,,,,,,2,0,0.8,0,41,90.4,6.9,,,,,2,1.5,JERC_011,BC15; BC14,1.905,19,19,0.5349,0.0282,54.15436183,2.8502,0.0099,,,,,,,
D314_F242,JERC,JERC_011,JERC00,F242,D03_BC15,D03_BC14,,DIVI5,Diospyros,virginiana,deciduous,common persimmon,,,,,,,,,2,0,0.9,0,41,66.5,9.3,,,,,1.5,1,JERC_011,BC15; BC14,1.905,19,19,0.4472,0.0235,54.15436183,2.8502,0.0083,,,,,,,
D314_F243,JERC,JERC_011,JERC00,F243,D03_BC15,D03_BC14,,DIVI5,Diospyros,virginiana,deciduous,common persimmon,,,,,,,,,2,0,0.6,0,41,259.2,4.2,,,,,2,1.5,JERC_011,BC15; BC14,1.905,16,16,0.4393,0.0275,45.60367312,2.8502,0.0096,,20140170.03,-2.891051,-30.4963375,1.1227342,46.5281699,
D314_F244,JERC,JERC_011,JERC00,F244,D03_BC15,D03_BC14,,RHCO,Rhus,copallinum,deciduous,winged sumac,,,,,,,,,1.3,0,0.8,0,41,0.9,7.8,,,,,1.3,0.9,JERC_011,BC15; BC14,1.27,15,15,0.1716,0.0114,19.00153047,1.2668,0.009,,,,,,,
D314_F245,JERC,JERC_011,JERC00,F245,D03_BC15,D03_BC14,,RHCO,Rhus,copallinum,deciduous,winged sumac,,,,,,,,,1.2,0,0.7,0,41,83.3,4.6,,,,,1.1,0.8,JERC_011,BC15; BC14,1.27,21,21,0.2567,0.0122,26.60214265,1.2668,0.0096,,20140170.04,-6.6214053,-31.2959325,1.3402076,50.0285174,
D314_F246,JERC,JERC_011,JERC00,F246,D03_BC15,D03_BC14,,RHCO,Rhus,copallinum,deciduous,winged sumac,,,,,,,,,1,0,0.5,0,41,315.1,6.4,,,,,1,0.7,JERC_011,BC15; BC14,1.27,17,17,0.1666,0.0098,21.53506786,1.2668,0.0077,,,,,,,
D314_F247,JERC,JERC_011,JERC00,F247,D03_BC15,D03_BC14,,PIPA2,Pinus,palustris,coniferous,longleaf pine,,,,,,,,*Just outside of 20x20 plot. Sampled anyway because we were lacking samples from mature PIPA,23.2,-1.6,9.3,-1.5,41,12.1,334.1,9.5,-1.5,9.7,-1.5,,,JERC_011,BC15; BC14,,15,15,0.89,0.0593,37.73811,2.5159,0.0236,,,,,,,
D314_F248,JERC,JERC_049,JERC00,F248,D03_BC15,D03_BC14,,PIPA2,Pinus,palustris,coniferous,longleaf pine,,,,,,,,,9.9,-1.6,2.6,-1.6,41,245.9,12.4,6.3,-1.5,6,-1.5,,,JERC_049,BC15; BC14,,15,15,0.7,0.0467,35.01407,2.3343,0.02,,,,,,,
D314_F249,JERC,JERC_049,JERC00,F249,D03_BC15,D03_BC14,,PIPA2,Pinus,palustris,coniferous,longleaf pine,,,,,,,,,21.7,-1.5,5.7,-1.5,41,329.5,20.2,6.5,-1.4,6.2,-1.5,,,JERC_049,BC15; BC14,,16,16,0.97,0.0606,39.80107,2.4876,0.0244,,20140170.06,-2.6128008,-30.0027,1.5042893,51.2912859,
D314_F250,JERC,JERC_049,JERC00,F250,D03_BC15,D03_BC14,,PIPA2,Pinus,palustris,coniferous,longleaf pine,,,,,,,,,19.6,-1.3,3.1,-1.3,41,56.4,10.1,5.6,-1.5,6.1,-1.5,,,JERC_049,BC15; BC14,,18,18,0.91,0.0506,40.68418,2.2602,0.0224,,,,,,,
D314_F251,JERC,JERC_049,JERC00,F251,D03_BC15,D03_BC14,,PIPA2,Pinus,palustris,coniferous,longleaf pine,,,,,,,,,22.8,-1.2,7.6,-1.2,41,132.4,20.1,6.7,-1.5,7,-1.4,,,JERC_049,BC15; BC14,,11,11,0.86,0.0782,32.12661,2.9206,0.0268,,,,,,,
D314_F252,JERC,JERC_049,JERC00,F252,D03_BC15,D03_BC14,,PIPA2,Pinus,palustris,coniferous,longleaf pine,,,,,,,,could only reach one sunlit branch,22.2,-1.3,7.6,-1.3,41,351.6,3.5,7.8,1.3,,,,,JERC_049,BC15; BC14,,20,20,1.35,0.0675,51.8843,2.5942,0.026,,,,,,,
D314_F253,JERC,JERC_049,JERC00,F253,D03_BC15,D03_BC14,,QUMA,Quercus,margarettae,deciduous,runner oak,,,,,,,,,13.5,-1.3,3.5,-1.3,41,308.1,11.5,5.4,-1.4,6.8,-1.6,,,JERC_049,BC15; BC14,1.905,17,17,0.5329,0.0313,48.45390269,2.8502,0.011,,,,,,,
D314_F254,JERC,JERC_049,JERC00,F254,D03_BC15,D03_BC14,,QUMA,Quercus,margarettae,deciduous,runner oak,,,,,,,,,0.7,0,0.2,0,41,262.7,15.7,,,,,0.7,0.4,JERC_049,BC15; BC14,1.905,15,15,0.4426,0.0295,42.75344355,2.8502,0.0104,,20140170.06,-0.99935,-30.36633,1.5947172,47.4133056,
D314_F255,JERC,JERC_049,JERC00,F255,D03_BC15,D03_BC14,,QUFA,Quercus,falcata,deciduous,southern red oak,,,,,,,,,1.3,0,0.5,0,41,174.1,17.5,,,,,1.3,1,JERC_049,BC15; BC14,1.905,18,18,0.6125,0.034,51.30413226,2.8502,0.0119,,,,,,,
D314_F256,JERC,JERC_049,JERC00,F256,D03_BC15,D03_BC14,,QUFA,Quercus,falcata,deciduous,southern red oak,,,,,,,,,1.8,0,0.6,0,41,64.6,14.1,,,,,1.8,1,JERC_049,BC15; BC14,1.905,18,18,0.5884,0.0327,51.30413226,2.8502,0.0115,,,,,,,
D314_F257,JERC,JERC_049,JERC00,F257,D03_BC15,D03_BC14,,QUIN,Quercus,incana,deciduous,bluejack oak,,,,,,,,,1.9,0,0.7,0,41,202.5,11.7,,,,,1.7,1.4,JERC_049,BC15; BC14,1.27,18,18,0.272,0.0151,22.80183656,1.2668,0.0119,,,,,,,
D314_F258,JERC,JERC_049,JERC00,F258,D03_BC15,D03_BC14,,QUIN,Quercus,incana,deciduous,bluejack oak,,,,,,,,,1.4,0,0.6,0,41,161,18,,,,,1.3,0.8,JERC_049,BC15; BC14,1.27,19,19,0.2376,0.0125,24.06860526,1.2668,0.0099,,20140170.06,-2.4866874,-31.02712,1.5426382,47.568664,
D314_F259,JERC,JERC_049,JERC00,F259,D03_BC15,D03_BC14,,SAAL5,Sassafras,albidum,deciduous,sassafras,,,,,,,,,2.1,0,0.8,0,41,230.7,12,,,,,1.8,0.1,JERC_049,BC15; BC14,1.905,16,16,0.3652,0.0228,45.60367312,2.8502,0.008,,,,,,,
D314_F260,JERC,JERC_049,JERC00,F260,D03_BC15,D03_BC14,,SAAL5,Sassafras,albidum,deciduous,sassafras,,,,,,,,,1.6,0,1.1,0,41,112.4,20.8,,,,,1.6,1.1,JERC_049,BC15; BC14,1.905,17,17,0.3695,0.0217,48.45390269,2.8502,0.0076,,,,,,,
D314_F261,JERC,JERC_048,JERC00,F261,D03_BC15,D03_BC14,,PIPA2,Pinus,palustris,coniferous,longleaf pine,,,,,,,,,19.8,-1.6,7.4,-1.6,41,54.9,9.2,8.1,-1.6,7.2,-1.4,,,JERC_048,BC15; BC14,,13,13,0.77,0.0592,30.59494,2.3535,0.0252,,,,,,,
D314_F262,JERC,JERC_048,JERC00,F262,D03_BC15,D03_BC14,,PIPA2,Pinus,palustris,coniferous,longleaf pine,,,,,,,,could only reach one sunlit branch,16.3,-1.4,6.4,-1.5,41,5.5,8.9,7.6,-1.5,,,,,JERC_048,BC15; BC14,,18,18,1.06,0.0589,43.46125,2.4145,0.0244,,,,,,,
D314_F263,JERC,JERC_048,JERC00,F263,D03_BC15,D03_BC14,,PIPA2,Pinus,palustris,coniferous,longleaf pine,,,,,,,,,16.7,-1.4,8,-1.4,41,165.5,17.7,8,-1.6,8.3,-1.6,,,JERC_048,BC15; BC14,,16,16,1,0.0625,39.6029,2.4752,0.0253,,20140170.05,-2.9941437,-29.1376125,1.0163084,47.9122593,
D314_F264,JERC,JERC_048,JERC00,F264,D03_BC15,D03_BC14,,PIPA2,Pinus,palustris,coniferous,longleaf pine,,,,,,,,could only reach one sunlit branch,18.7,-1.4,7.3,-1.4,41,233.7,17.5,7.5,-1.5,,,,,JERC_048,BC15; BC14,,15,15,1.47,0.098,50.24031,3.3494,0.0293,,,,,,,
D314_F265,JERC,JERC_048,JERC00,F265,D03_BC15,D03_BC14,,PIPA2,Pinus,palustris,coniferous,longleaf pine,,,,,,,,could only reach one sunlit branch,19,-1.4,8.4,-1.4,41,232,19.9,8.6,-1.6,,,,,JERC_048,BC15; BC14,,17,17,1.25,0.0735,44.97774,2.6457,0.0278,,,,,,,
D314_F266,JERC,JERC_048,JERC00,F266,D03_BC15,D03_BC14,,QUFA,Quercus,falcata,deciduous,southern red oak,,,,,,,,,2.4,0,1,0,41,9.2,15.4,,,,,1.8,1.5,JERC_048,BC15; BC14,1.905,15,15,0.5005,0.0334,42.75344355,2.8502,0.0117,,,,,,,
D314_F267,JERC,JERC_048,JERC00,F267,D03_BC15,D03_BC14,,QUFA,Quercus,falcata,deciduous,southern red oak,,,,,,,,,1.3,0,0.6,0,41,316.3,16,,,,,1.2,0.8,JERC_048,BC15; BC14,1.905,17,17,0.588,0.0346,48.45390269,2.8502,0.0121,,,,,,,
D314_F268,JERC,JERC_048,JERC00,F268,D03_BC15,D03_BC14,,QUFA,Quercus,falcata,deciduous,southern red oak,,,,,,,,,2,0,0.7,0,41,264.2,5.1,,,,,2,1.1,JERC_048,BC15; BC14,1.905,17,17,0.5338,0.0314,48.45390269,2.8502,0.011,,20140170.05,-1.9742266,-30.035935,1.6605259,48.2347963,
D314_F269,JERC,JERC_048,JERC00,F269,D03_BC15,D03_BC14,,QUFA,Quercus,falcata,deciduous,southern red oak,,,,,,,,,1.7,0,0.5,0,41,114.5,10.1,,,,,1.6,1,JERC_048,BC15; BC14,1.905,16,16,0.5576,0.0349,45.60367312,2.8502,0.0122,,,,,,,
D314_F270,JERC,JERC_048,JERC00,F270,D03_BC15,D03_BC14,,QUFA,Quercus,falcata,deciduous,southern red oak,,,,,,,,,16.2,-1.5,8.8,-1.4,41,55.4,20.8,9.2,-1.3,9.4,-1.3,,,JERC_048,BC15; BC14,1.905,16,16,0.5386,0.0337,45.60367312,2.8502,0.0118,,,,,,,
D314_F271,JERC,JERC_047,JERC00,F271,D03_BC15,D03_BC14,,PIPA2,Pinus,palustris,coniferous,longleaf pine,,,,,,,,,19.6,-1.4,4.7,-1.4,41,317,19.4,7.1,-1.3,7.3,-1.3,,,JERC_047,BC15; BC14,,17,17,1.19,0.07,48.92014,2.8777,0.0243,,,,,,,
D314_F272,JERC,JERC_047,JERC00,F272,D03_BC15,D03_BC14,,PIPA2,Pinus,palustris,coniferous,longleaf pine,,,,,,,,,20.4,-2,4.7,-1.7,41,250.3,9.3,7.7,-1.5,7.2,-1.5,,,JERC_047,BC15; BC14,,16,16,0.66,0.0413,34.43755,2.1523,0.0192,,20140170.05,-3.3384533,-27.8160325,0.9499905,47.8160325,
D314_F273,JERC,JERC_047,JERC00,F273,D03_BC15,D03_BC14,,PIPA2,Pinus,palustris,coniferous,longleaf pine,,,,,,,,could only reach one sunlit branch,16.3,-2,7.5,-1.8,41,200.4,2.7,7.9,-1.5,,,,,JERC_047,BC15; BC14,,18,18,1.22,0.0678,51.20876,2.8449,0.0238,,,,,,,
D314_F274,JERC,JERC_047,JERC00,F274,D03_BC15,D03_BC14,,PIPA2,Pinus,palustris,coniferous,longleaf pine,,,,,,,,,20,-1.2,8.2,-1.3,41,337.5,8.5,8.4,-1.3,8.8,-1.3,,,JERC_047,BC15; BC14,,15,15,1.2,0.08,49.64111,3.3094,0.0242,,,,,,,
D314_F275,JERC,JERC_047,JERC00,F275,D03_BC15,D03_BC14,,PIPA2,Pinus,palustris,coniferous,longleaf pine,,,,,,,,Not enough branches for >1 sample,11.3,-1.8,6.4,-1.5,61,262.6,7.3,7.2,-1.4,,,,,JERC_047,BC15; BC14,,15,15,1.03,0.0687,4.72764,0.3152,0.2179,,,,,,,
D314_F276,JERC,JERC_047,JERC00,F276,D03_BC15,D03_BC14,,QUMA,Quercus,margarettae,deciduous,runner oak,,,,,,,,,11.6,-1.8,3.9,-1.8,41,295.2,10.9,8,-1.5,8.4,-1.2,,,JERC_047,BC15; BC14,1.27,15,15,0.2087,0.0139,19.00153047,1.2668,0.011,,,,,,,
D314_F277,JERC,JERC_047,JERC00,F277,D03_BC15,D03_BC14,,QUMA,Quercus,margarettae,deciduous,runner oak,,,,,,,,,7.8,-2.2,2.1,-1.9,41,151,11.5,7.3,-1.8,7.4,-1.7,,,JERC_047,BC15; BC14,1.905,16,16,0.4753,0.0297,45.60367312,2.8502,0.0104,,,,,,,
D314_F278,JERC,JERC_047,JERC00,F278,D03_BC15,D03_BC14,,QUMA,Quercus,margarettae,deciduous,runner oak,,,,,,,,,8.1,-1.6,3,-1.5,59,101.8,8.3,6.3,-1.5,6.7,-1.8,,,JERC_047,BC15; BC14,1.905,18,18,0.5978,0.0332,51.30413226,2.8502,0.0117,,,,,,,
D314_F279,JERC,JERC_047,JERC00,F279,D03_BC15,D03_BC14,,QUMA,Quercus,margarettae,deciduous,runner oak,,,,,,,,,7.6,-1.6,-0.3,-1.6,41,349.4,14.6,6.2,-1.6,4.6,-1.5,,,JERC_047,BC15; BC14,1.905,17,17,0.5555,0.0327,48.45390269,2.8502,0.0115,,20140170.05,-3.1532868,-29.8824675,1.7192,47.600883,
D314_F280,JERC,JERC_047,JERC00,F280,D03_BC15,D03_BC14,,QUMA,Quercus,margarettae,deciduous,runner oak,,,,,,,,,12.1,-2.1,5.6,-1.7,41,218.6,24.1,7.7,-1.7,8.4,-1.4,,,JERC_047,BC15; BC14,1.27,18,18,0.2932,0.0163,22.80183656,1.2668,0.0129,,,,,,,
D314_F281,JERC,JERC_050,JERC00,F281,D03_BC15,D03_BC14,,PIPA2,Pinus,palustris,coniferous,longleaf pine,,,,,,,,could only reach one sunlit branch,22.3,-1.3,8.3,-1.5,41,238.5,17.3,8.6,-1.5,,,,,JERC_050,BC15; BC14,,18,18,1.27,0.0706,49.50077,2.75,0.0257,,,,,,,
D314_F282,JERC,JERC_050,JERC00,F282,D03_BC15,D03_BC14,,PIPA2,Pinus,palustris,coniferous,longleaf pine,,,,,,,,could only reach one sunlit branch,20.2,-1.6,7.4,-1.8,41,237.7,10.5,8.2,-1.6,,,,,JERC_050,BC15; BC14,,16,16,1.06,0.0663,48.10543,3.0066,0.022,,,,,,,
D314_F283,JERC,JERC_050,JERC00,F283,D03_BC15,D03_BC14,,PIPA2,Pinus,palustris,coniferous,longleaf pine,,,,,,,,,19.3,-1.6,9.3,-1.4,61,241.1,5.5,10.4,-1.2,9.5,-1.4,,,JERC_050,BC15; BC14,,17,17,1.3,0.0765,53.64461,3.1556,0.0242,,20140170.06,-3.8369015,-28.194325,0.8065918,48.1412005,
D314_F284,JERC,JERC_050,JERC00,F284,D03_BC15,D03_BC14,,QULA3,Quercus,laurifolia,deciduous,laurel oak,,,,,,,,,7.6,-2,1.3,-2,61,244,18.4,5.5,-1.8,4.7,-1.9,,,JERC_050,BC15; BC14,1.27,17,17,0.2641,0.0155,21.53506786,1.2668,0.0123,,,,,,,
D314_F285,JERC,JERC_050,JERC00,F285,D03_BC15,D03_BC14,,QULA3,Quercus,laurifolia,deciduous,laurel oak,,,,,,,,,10.9,-1.6,1.3,-1.6,61,261.7,22,4.9,-1.5,4.9,-1.7,,,JERC_050,BC15; BC14,1.27,16,16,0.2336,0.0146,20.26829916,1.2668,0.0115,,20140170.06,-3.6407251,-29.570645,1.9861208,47.9485322,
D314_F286,JERC,JERC_050,JERC00,F286,D03_BC15,D03_BC14,,QULA3,Quercus,laurifolia,deciduous,laurel oak,,,,,,,,,7.5,-1.9,2.5,-1.7,25,33.2,11.5,4.6,-1.6,4.9,-1.6,,,JERC_050,BC15; BC14,1.27,18,18,0.2629,0.0146,22.80183656,1.2668,0.0115,,,,,,,
D314_F287,JERC,JERC_050,JERC00,F287,D03_BC15,D03_BC14,,QULA3,Quercus,laurifolia,deciduous,laurel oak,,,,,,,,,10.9,-2.3,-0.5,-2,41,137.3,6.6,4.6,-1.4,6.1,-1.5,,,JERC_050,BC15; BC14,1.27,17,17,0.2427,0.0143,21.53506786,1.2668,0.0113,,,,,,,
D314_F288,JERC,JERC_050,JERC00,F288,D03_BC15,D03_BC14,,QULA3,Quercus,laurifolia,deciduous,laurel oak,,,,,,,,,12.1,-2.4,2.9,-1.6,57,129.6,10.9,3.8,-1.5,4.1,-1.5,,,JERC_050,BC15; BC14,1.27,18,18,0.2622,0.0146,22.80183656,1.2668,0.0115,,,,,,,
D314_F289,JERC,JERC_050,JERC00,F289,D03_BC15,D03_BC14,,QUMA,Quercus,margarettae,deciduous,runner oak,,,,,,,,,10.9,-1.6,2.3,-1.6,41,197.7,14.8,3.8,-1.8,6.8,-1.8,,,JERC_050,BC15; BC14,1.905,19,19,0.5179,0.0273,54.15436183,2.8502,0.0096,,,,,,,
D314_F290,JERC,JERC_050,JERC00,F290,D03_BC15,D03_BC14,,QUMA,Quercus,margarettae,deciduous,runner oak,,,,,,,,,7.2,-2,1.2,-2,41,297.1,19.1,4.6,-1.6,4.5,-1.6,,,JERC_050,BC15; BC14,1.905,18,18,0.6409,0.0356,51.30413226,2.8502,0.0125,,20140170.06,-3.1733048,-29.5892175,1.683534,48.3115877,
D314_F291,JERC,JERC_050,JERC00,F291,D03_BC15,D03_BC14,,QUMA,Quercus,margarettae,deciduous,runner oak,,,,,,,,,8,-2.2,-0.5,-2.2,41,310,8.1,3.3,-1,5.1,-1,,,JERC_050,BC15; BC14,1.905,16,16,0.5814,0.0363,45.60367312,2.8502,0.0127,,,,,,,
